MajorText,MinorText,LookUp_BoroughName,202202,202203,202204,202205,202206,202207,202208,202209,202210,202211,202212,202301,202302,202303,202304,202305,202306,202307,202308,202309,202310,202311,202312,202401
Arson and Criminal Damage,Arson,Barking and Dagenham,4,3,5,6,5,9,5,4,4,3,1,3,3,2,2,5,2,5,8,5,4,3,4,4
Arson and Criminal Damage,Criminal Damage,Barking and Dagenham,110,116,126,119,142,113,133,103,143,101,99,96,101,118,103,109,126,136,117,130,97,90,126,128
Burglary,Burglary Business and Community,Barking and Dagenham,29,30,17,16,23,18,30,30,27,22,23,28,18,35,36,28,30,25,33,41,30,22,20,32
Burglary,Domestic Burglary,Barking and Dagenham,67,77,81,75,52,46,75,76,82,68,87,94,39,56,63,50,65,50,75,86,71,64,52,67
Drug Offences,Drug Trafficking,Barking and Dagenham,11,20,15,17,17,18,12,10,10,13,15,15,12,28,26,26,36,21,16,20,38,23,20,27
Drug Offences,Possession of Drugs,Barking and Dagenham,138,134,85,120,127,129,118,81,103,120,116,125,149,119,73,86,97,131,85,88,61,73,49,72
Miscellaneous Crimes Against Society,Bail Offences,Barking and Dagenham,0,0,0,0,0,0,0,0,0,0,0,0,0,1,0,0,0,0,0,0,0,0,0,0
Miscellaneous Crimes Against Society,Bigamy,Barking and Dagenham,0,0,0,0,0,0,0,0,0,0,0,0,0,0,0,0,0,0,0,0,2,0,0,0
Miscellaneous Crimes Against Society,Dangerous Driving,Barking and Dagenham,1,1,3,1,1,0,2,1,2,0,1,2,2,2,1,1,0,1,0,1,4,1,1,1
Miscellaneous Crimes Against Society,"Disclosure, Obstruction, False or Misleading State",Barking and Dagenham,0,0,0,0,0,0,0,0,0,2,0,0,0,0,0,0,0,0,0,0,0,0,0,0
Miscellaneous Crimes Against Society,Forgery or Use of Drug Prescription,Barking and Dagenham,0,0,0,0,0,0,0,0,0,0,0,0,0,0,0,0,0,0,0,0,0,1,0,0
Miscellaneous Crimes Against Society,Fraud or Forgery Associated with Driver Records,Barking and Dagenham,1,0,0,0,0,0,0,0,0,1,0,1,0,0,0,0,0,0,0,0,0,0,2,1
Miscellaneous Crimes Against Society,Going Equipped for Stealing,Barking and Dagenham,1,0,1,0,1,0,1,0,0,2,2,0,0,2,0,0,1,1,0,1,0,0,1,0
Miscellaneous Crimes Against Society,Handling Stolen Goods,Barking and Dagenham,5,3,0,0,2,1,2,1,0,4,1,0,2,4,2,0,1,0,2,3,1,0,1,1
Miscellaneous Crimes Against Society,"Making, Supplying or Possessing Articles for use i",Barking and Dagenham,0,0,0,0,0,0,1,0,1,1,1,2,1,1,0,1,0,1,2,2,3,2,0,0
Miscellaneous Crimes Against Society,Obscene Publications,Barking and Dagenham,13,10,6,14,15,14,9,12,16,11,9,10,10,16,9,11,4,9,6,13,10,9,5,14
Miscellaneous Crimes Against Society,Offender Management Act,Barking and Dagenham,0,0,1,0,0,0,0,0,0,0,0,0,0,0,0,0,0,0,0,0,0,0,0,0
Miscellaneous Crimes Against Society,Other Forgery,Barking and Dagenham,3,1,1,0,0,0,1,0,1,0,0,1,0,0,1,0,2,0,3,0,0,0,0,0
Miscellaneous Crimes Against Society,Other Notifiable Offences,Barking and Dagenham,2,2,0,2,0,0,1,1,2,1,2,1,0,1,1,2,0,2,1,1,3,1,1,0
Miscellaneous Crimes Against Society,Perjury,Barking and Dagenham,0,0,0,0,0,0,0,0,0,0,0,0,0,1,0,0,0,0,0,0,0,0,0,0
Miscellaneous Crimes Against Society,Perverting Course of Justice,Barking and Dagenham,3,0,2,3,1,2,1,3,0,2,0,1,1,0,1,3,3,0,2,0,0,0,2,3
Miscellaneous Crimes Against Society,Possession of False Documents,Barking and Dagenham,0,0,0,0,0,0,0,0,0,0,0,2,1,2,0,0,0,0,0,0,1,0,0,0
Miscellaneous Crimes Against Society,Profitting From or Concealing Proceeds of Crime,Barking and Dagenham,2,1,1,2,1,2,4,0,0,0,1,1,1,0,0,1,0,0,4,0,2,0,0,0
Miscellaneous Crimes Against Society,Threat or Possession With Intent to Commit Crimina,Barking and Dagenham,12,11,11,12,11,7,9,6,11,5,2,3,5,5,8,6,11,12,4,13,3,7,8,8
Possession of Weapons,Other Firearm Offences,Barking and Dagenham,1,1,4,0,0,0,5,2,0,2,2,3,1,5,2,2,2,1,3,0,0,1,0,0
Possession of Weapons,Other Knife Offences,Barking and Dagenham,0,0,0,0,0,0,0,1,0,0,0,0,0,0,0,0,0,1,0,0,0,0,0,0
Possession of Weapons,Possession of Article with Blade or Point,Barking and Dagenham,3,11,7,6,4,6,2,5,3,5,4,11,9,4,5,9,7,5,5,6,4,6,4,3
Possession of Weapons,Possession of Firearm with Intent,Barking and Dagenham,0,0,0,0,0,0,1,0,0,0,0,0,0,0,0,2,2,2,0,0,2,1,2,0
Possession of Weapons,Possession of Firearms Offences,Barking and Dagenham,2,2,1,3,1,4,1,0,1,1,0,0,2,0,1,1,2,0,0,1,0,0,2,1
Possession of Weapons,Possession of Other Weapon,Barking and Dagenham,5,5,7,3,10,6,7,5,6,5,2,6,5,7,6,4,12,9,13,8,6,7,7,6
Public Order Offences,"Other Offences Against the State, or Public Order",Barking and Dagenham,19,14,15,15,24,16,24,12,22,21,16,15,13,17,9,18,12,19,11,21,15,10,18,10
Public Order Offences,Public Fear Alarm or Distress,Barking and Dagenham,57,66,73,60,74,97,82,66,82,84,71,51,80,84,78,108,84,73,106,103,69,93,67,68
Public Order Offences,"Racially or Religiously Aggravated Public Fear, Al",Barking and Dagenham,14,26,25,14,17,15,35,25,25,18,25,12,11,17,23,24,31,42,22,23,29,18,27,13
Public Order Offences,Violent Disorder,Barking and Dagenham,0,0,0,0,0,0,1,0,0,0,0,0,0,0,0,0,0,0,0,0,0,0,0,0
Robbery,Robbery of Business Property,Barking and Dagenham,2,6,7,2,6,1,7,5,4,5,4,6,5,6,11,9,2,3,9,11,11,16,10,4
Robbery,Robbery of Personal Property,Barking and Dagenham,61,59,45,48,37,41,39,29,53,48,72,67,69,81,67,76,82,86,83,60,41,49,44,50
Sexual Offences,Other Sexual Offences,Barking and Dagenham,32,37,30,49,28,39,37,39,40,40,29,33,35,37,28,26,49,51,26,32,38,24,38,30
Sexual Offences,Rape,Barking and Dagenham,32,24,30,28,26,16,25,29,22,40,19,23,23,28,25,24,26,18,24,21,17,17,30,18
Theft,Bicycle Theft,Barking and Dagenham,11,13,13,15,14,20,15,14,21,8,10,9,12,9,10,6,11,17,16,12,13,8,9,5
Theft,Other Theft,Barking and Dagenham,166,171,156,194,223,195,226,174,186,233,226,208,197,236,210,227,218,196,185,181,193,160,179,166
Theft,Shoplifting,Barking and Dagenham,40,58,44,88,61,44,53,41,88,84,99,130,112,118,115,146,107,129,127,96,113,110,89,108
Theft,Theft from Person,Barking and Dagenham,34,60,45,39,37,29,27,27,46,57,48,33,47,62,40,59,57,69,37,52,66,58,72,55
Vehicle Offences,Aggravated Vehicle Taking,Barking and Dagenham,2,4,2,4,2,1,0,0,3,2,0,3,4,5,2,0,4,2,3,3,0,1,3,1
Vehicle Offences,Interfering with a Motor Vehicle,Barking and Dagenham,25,21,22,20,30,24,17,25,28,28,30,29,31,22,24,26,17,23,19,33,26,15,32,28
Vehicle Offences,Theft from a Motor Vehicle,Barking and Dagenham,69,81,79,92,102,68,95,136,134,143,83,94,108,116,97,92,100,98,92,122,91,96,116,100
Vehicle Offences,Theft or Taking of a Motor Vehicle,Barking and Dagenham,92,95,110,104,121,106,133,116,143,148,129,144,109,110,102,122,82,83,90,88,95,106,70,105
Violence Against the Person,Homicide,Barking and Dagenham,0,2,0,0,0,0,1,0,1,0,2,0,0,0,0,1,0,0,0,0,0,0,0,0
Violence Against the Person,Violence with Injury,Barking and Dagenham,142,160,175,175,183,188,171,179,179,167,156,165,138,166,169,207,216,198,205,213,176,184,198,218
Violence Against the Person,Violence without Injury,Barking and Dagenham,409,438,416,427,423,454,401,419,404,419,435,410,432,415,440,478,501,463,465,456,407,360,442,425
Arson and Criminal Damage,Arson,Barnet,2,4,2,4,13,8,5,0,6,7,7,4,2,5,8,5,6,7,7,5,11,6,3,7
Arson and Criminal Damage,Criminal Damage,Barnet,135,164,157,156,154,154,137,127,144,153,142,162,126,174,136,186,155,165,165,144,146,155,141,141
Burglary,Burglary Business and Community,Barnet,66,48,65,57,45,57,32,55,51,69,56,55,56,53,58,55,48,57,52,41,69,66,48,55
Burglary,Domestic Burglary,Barnet,140,177,115,172,153,138,134,142,200,182,182,195,146,189,165,128,97,167,142,144,150,173,165,165
Drug Offences,Drug Trafficking,Barnet,31,33,24,22,22,25,23,24,31,31,29,36,45,43,38,42,53,40,55,50,41,49,34,59
Drug Offences,Possession of Drugs,Barnet,72,56,59,81,55,49,59,41,48,67,49,48,57,42,57,66,40,65,51,32,45,52,39,27
Miscellaneous Crimes Against Society,Absconding from Lawful Custody,Barnet,0,0,0,1,0,0,0,0,0,0,0,0,0,0,1,0,0,0,0,0,0,0,0,0
Miscellaneous Crimes Against Society,Bail Offences,Barnet,0,0,0,0,0,0,1,0,0,0,0,0,0,0,0,0,0,0,0,0,0,1,0,0
Miscellaneous Crimes Against Society,Bigamy,Barnet,0,0,0,0,0,0,0,0,0,0,0,0,0,0,0,0,0,0,0,0,0,1,0,0
Miscellaneous Crimes Against Society,Dangerous Driving,Barnet,0,0,1,0,2,0,2,2,0,0,2,2,0,1,0,3,3,0,3,1,0,0,2,0
Miscellaneous Crimes Against Society,"Disclosure, Obstruction, False or Misleading State",Barnet,0,0,0,0,0,0,0,0,0,0,0,1,0,1,0,0,0,0,0,0,0,0,0,0
Miscellaneous Crimes Against Society,Exploitation of Prostitution,Barnet,0,0,0,0,0,0,0,0,0,0,0,0,0,1,0,0,1,0,0,0,0,0,0,0
Miscellaneous Crimes Against Society,Forgery or Use of Drug Prescription,Barnet,0,0,0,0,1,0,2,0,0,0,1,0,0,1,0,1,0,0,0,0,0,0,0,0
Miscellaneous Crimes Against Society,Fraud or Forgery Associated with Driver Records,Barnet,0,0,0,0,0,0,0,0,0,0,0,0,0,0,1,1,0,0,0,1,0,0,0,0
Miscellaneous Crimes Against Society,Going Equipped for Stealing,Barnet,0,1,0,3,1,1,1,0,2,1,0,0,0,1,1,1,0,0,3,0,0,0,1,0
Miscellaneous Crimes Against Society,Handling Stolen Goods,Barnet,2,3,1,2,0,1,0,1,3,4,2,5,2,4,1,0,2,1,3,3,0,0,0,3
Miscellaneous Crimes Against Society,"Making, Supplying or Possessing Articles for use i",Barnet,1,0,0,2,1,3,2,1,1,0,1,4,0,1,1,0,2,2,3,3,1,1,2,1
Miscellaneous Crimes Against Society,Obscene Publications,Barnet,20,20,5,15,11,9,7,16,7,13,12,14,9,18,9,15,8,10,6,17,12,13,14,17
Miscellaneous Crimes Against Society,Other Forgery,Barnet,0,4,1,1,1,2,3,1,4,2,2,0,1,2,0,0,0,0,0,0,0,1,1,0
Miscellaneous Crimes Against Society,Other Notifiable Offences,Barnet,1,2,4,1,3,1,3,3,0,0,3,5,1,1,0,0,1,3,2,1,1,3,1,2
Miscellaneous Crimes Against Society,Perjury,Barnet,0,0,0,0,0,0,1,0,0,0,0,0,0,0,0,0,0,0,0,0,0,0,0,0
Miscellaneous Crimes Against Society,Perverting Course of Justice,Barnet,1,2,2,1,1,1,1,3,1,5,0,4,1,2,1,0,0,0,1,1,2,2,2,1
Miscellaneous Crimes Against Society,Possession of False Documents,Barnet,1,1,0,1,3,1,0,0,0,0,1,2,0,0,2,0,0,0,0,0,1,0,0,0
Miscellaneous Crimes Against Society,Profitting From or Concealing Proceeds of Crime,Barnet,4,2,3,1,1,0,0,1,7,3,0,5,1,1,0,1,1,2,2,1,0,3,1,2
Miscellaneous Crimes Against Society,Threat or Possession With Intent to Commit Crimina,Barnet,6,8,4,15,7,6,4,5,6,3,2,3,7,10,5,8,14,2,13,8,9,4,5,6
Possession of Weapons,Other Firearm Offences,Barnet,2,0,0,1,1,0,2,1,2,1,1,2,0,3,4,3,3,4,5,1,0,2,3,2
Possession of Weapons,Possession of Article with Blade or Point,Barnet,4,7,8,3,8,4,3,1,9,2,2,6,6,4,5,2,3,6,3,2,4,3,5,2
Possession of Weapons,Possession of Firearm with Intent,Barnet,1,0,1,0,2,0,2,1,2,0,1,0,3,1,0,0,0,1,0,2,0,0,2,0
Possession of Weapons,Possession of Firearms Offences,Barnet,0,4,0,0,1,2,0,2,2,1,1,1,2,0,1,1,2,1,1,2,6,2,2,0
Possession of Weapons,Possession of Other Weapon,Barnet,9,7,5,11,6,4,5,6,5,9,3,7,1,4,5,2,1,3,5,9,2,5,8,0
Public Order Offences,"Other Offences Against the State, or Public Order",Barnet,10,17,11,10,31,13,19,16,14,17,9,14,16,26,20,17,21,20,11,16,25,20,24,17
Public Order Offences,Public Fear Alarm or Distress,Barnet,83,126,102,124,108,129,128,105,108,148,94,113,96,144,86,133,151,120,97,126,122,124,91,93
Public Order Offences,"Racially or Religiously Aggravated Public Fear, Al",Barnet,30,33,23,32,37,32,30,28,33,30,21,25,27,28,30,38,52,36,32,28,81,48,37,29
Public Order Offences,Violent Disorder,Barnet,0,0,0,0,0,0,2,0,0,0,0,0,0,2,0,0,0,0,0,0,0,0,0,0
Robbery,Robbery of Business Property,Barnet,8,10,7,2,9,7,13,7,11,13,8,6,16,9,10,8,10,8,11,13,24,23,15,15
Robbery,Robbery of Personal Property,Barnet,39,51,44,63,49,47,45,53,70,70,55,69,64,80,37,63,79,72,55,57,66,92,94,65
Sexual Offences,Other Sexual Offences,Barnet,42,48,37,39,50,44,41,28,27,53,26,33,33,36,32,48,29,37,28,48,42,35,37,27
Sexual Offences,Rape,Barnet,31,19,20,28,29,19,24,23,23,25,22,24,16,23,24,23,19,21,32,19,14,15,24,23
Theft,Bicycle Theft,Barnet,21,23,31,36,12,22,31,36,24,20,18,7,26,16,10,15,24,25,20,18,17,16,9,9
Theft,Other Theft,Barnet,239,270,238,273,257,271,280,276,263,292,313,291,243,283,269,257,307,307,270,265,295,259,257,291
Theft,Shoplifting,Barnet,89,139,113,103,106,126,161,112,134,114,124,176,131,140,201,180,188,174,175,157,203,188,201,201
Theft,Theft from Person,Barnet,78,82,60,94,76,84,56,65,51,74,42,79,77,82,60,63,60,68,55,46,68,76,82,65
Vehicle Offences,Aggravated Vehicle Taking,Barnet,4,2,5,0,1,2,2,3,1,7,2,0,1,3,2,4,3,3,2,4,0,2,3,4
Vehicle Offences,Interfering with a Motor Vehicle,Barnet,53,43,40,36,44,44,37,45,49,34,32,35,45,36,18,30,35,49,47,48,68,60,37,54
Vehicle Offences,Theft from a Motor Vehicle,Barnet,229,272,235,247,237,200,245,268,267,236,175,229,197,219,178,204,182,185,157,169,215,202,174,213
Vehicle Offences,Theft or Taking of a Motor Vehicle,Barnet,131,106,134,135,121,110,150,158,141,171,126,156,120,127,134,171,163,193,143,172,151,152,125,131
Violence Against the Person,Homicide,Barnet,1,0,0,2,1,0,0,0,0,0,0,0,0,2,0,0,0,1,1,1,1,0,0,0
Violence Against the Person,Violence with Injury,Barnet,163,197,181,230,195,197,218,194,182,199,198,169,175,205,185,202,224,240,176,213,193,178,209,176
Violence Against the Person,Violence without Injury,Barnet,427,461,440,521,452,476,445,460,445,491,437,473,454,520,469,504,516,498,525,508,536,510,493,460
Arson and Criminal Damage,Arson,Bexley,6,4,6,9,2,4,15,4,2,3,5,1,0,5,5,8,6,9,0,4,7,6,9,11
Arson and Criminal Damage,Criminal Damage,Bexley,127,107,96,112,121,105,108,124,137,115,104,98,122,140,109,119,135,127,123,161,140,125,125,132
Burglary,Burglary Business and Community,Bexley,15,14,15,15,23,10,21,19,19,29,12,24,18,16,20,25,26,14,18,18,24,28,19,32
Burglary,Domestic Burglary,Bexley,64,58,38,54,44,37,32,42,73,54,55,38,47,75,83,70,37,36,44,32,55,71,84,85
Drug Offences,Drug Trafficking,Bexley,9,11,6,6,4,16,6,14,12,16,14,8,14,10,9,11,21,19,52,18,10,9,9,6
Drug Offences,Possession of Drugs,Bexley,47,52,35,56,48,57,51,52,61,68,46,68,44,52,38,41,38,44,41,35,40,39,45,24
Miscellaneous Crimes Against Society,Absconding from Lawful Custody,Bexley,0,0,0,0,0,0,0,0,1,0,0,0,0,0,0,0,0,0,0,0,0,0,0,0
Miscellaneous Crimes Against Society,Bail Offences,Bexley,0,0,0,0,1,0,0,0,0,0,0,0,0,0,0,0,0,0,0,0,0,0,0,0
Miscellaneous Crimes Against Society,Dangerous Driving,Bexley,1,1,2,0,2,1,2,0,0,0,2,2,1,1,0,0,0,1,1,1,0,1,1,4
Miscellaneous Crimes Against Society,Exploitation of Prostitution,Bexley,0,0,0,0,0,0,0,0,0,1,0,0,0,0,0,0,0,0,0,0,0,0,0,0
Miscellaneous Crimes Against Society,Forgery or Use of Drug Prescription,Bexley,0,0,0,0,0,0,0,0,0,0,1,0,0,0,1,0,0,1,0,0,0,0,0,1
Miscellaneous Crimes Against Society,Going Equipped for Stealing,Bexley,0,2,1,0,0,0,1,0,0,1,1,0,0,0,0,0,0,0,0,0,0,0,0,0
Miscellaneous Crimes Against Society,Handling Stolen Goods,Bexley,1,0,0,0,0,2,0,0,0,0,0,1,2,0,1,1,1,0,1,0,2,0,0,1
Miscellaneous Crimes Against Society,"Making, Supplying or Possessing Articles for use i",Bexley,0,1,1,0,0,0,0,0,0,1,1,0,0,2,0,1,0,0,0,0,1,0,1,1
Miscellaneous Crimes Against Society,Obscene Publications,Bexley,9,9,9,5,6,8,6,7,13,11,8,16,11,9,2,5,14,6,8,8,8,4,8,10
Miscellaneous Crimes Against Society,Offender Management Act,Bexley,0,0,0,0,0,0,0,0,0,0,0,0,1,0,0,0,0,0,0,0,0,0,0,0
Miscellaneous Crimes Against Society,Other Forgery,Bexley,0,0,1,0,0,3,2,2,0,2,0,0,0,0,1,0,0,0,1,0,0,0,1,0
Miscellaneous Crimes Against Society,Other Notifiable Offences,Bexley,4,2,2,2,1,4,1,3,1,1,0,0,0,0,1,1,0,2,1,1,1,0,0,2
Miscellaneous Crimes Against Society,Perjury,Bexley,0,0,1,0,0,0,0,0,0,0,0,0,0,0,0,0,0,0,0,0,0,0,0,0
Miscellaneous Crimes Against Society,Perverting Course of Justice,Bexley,0,1,0,0,0,1,2,0,0,0,0,0,0,0,0,0,0,1,2,1,0,1,2,3
Miscellaneous Crimes Against Society,Possession of False Documents,Bexley,0,0,0,0,1,0,0,0,0,0,1,0,0,0,0,0,0,0,0,0,0,0,1,0
Miscellaneous Crimes Against Society,Profitting From or Concealing Proceeds of Crime,Bexley,0,1,0,1,0,1,2,1,1,1,0,0,1,1,0,0,0,0,0,0,0,0,0,0
Miscellaneous Crimes Against Society,Threat or Possession With Intent to Commit Crimina,Bexley,10,11,6,7,7,10,8,5,11,5,5,7,8,7,9,4,5,10,8,8,4,10,8,5
Possession of Weapons,Other Firearm Offences,Bexley,0,1,5,0,1,0,1,1,3,1,1,2,0,5,4,0,2,9,4,0,1,2,2,1
Possession of Weapons,Possession of Article with Blade or Point,Bexley,2,2,9,6,5,9,1,7,5,5,0,1,1,4,5,4,3,3,1,3,2,2,1,2
Possession of Weapons,Possession of Firearm with Intent,Bexley,1,2,0,1,0,0,0,1,0,1,2,0,0,0,2,1,0,0,0,0,0,0,1,0
Possession of Weapons,Possession of Firearms Offences,Bexley,1,0,1,0,0,0,1,0,2,0,1,0,2,1,2,2,1,2,0,0,2,1,1,1
Possession of Weapons,Possession of Other Weapon,Bexley,3,0,2,5,5,7,6,8,5,7,4,3,0,3,4,2,1,2,2,2,3,2,5,5
Public Order Offences,"Other Offences Against the State, or Public Order",Bexley,9,12,11,18,14,13,13,16,13,13,9,10,15,19,16,14,11,16,14,8,11,15,10,17
Public Order Offences,Public Fear Alarm or Distress,Bexley,62,91,49,81,70,86,78,57,66,61,54,69,68,73,106,67,104,65,67,85,80,78,64,69
Public Order Offences,"Racially or Religiously Aggravated Public Fear, Al",Bexley,21,25,10,15,19,10,21,19,19,18,8,12,20,11,15,32,13,15,18,17,19,11,26,8
Robbery,Robbery of Business Property,Bexley,3,4,3,8,1,1,2,4,2,4,2,2,6,5,2,2,3,7,4,3,8,4,7,5
Robbery,Robbery of Personal Property,Bexley,12,14,13,18,20,31,15,25,15,25,18,22,26,24,15,35,19,27,20,35,23,25,29,28
Sexual Offences,Other Sexual Offences,Bexley,33,30,25,34,43,34,23,22,22,28,25,28,22,28,25,25,33,30,21,23,20,30,31,31
Sexual Offences,Rape,Bexley,14,14,13,25,15,12,12,11,12,16,13,22,22,18,15,11,9,17,19,17,15,11,16,18
Theft,Bicycle Theft,Bexley,4,8,5,7,5,7,10,4,10,6,3,5,6,6,8,6,9,6,8,2,5,5,6,6
Theft,Other Theft,Bexley,152,169,156,145,123,108,185,152,129,139,140,135,121,163,136,138,106,125,123,131,142,154,134,137
Theft,Shoplifting,Bexley,66,59,63,47,51,59,55,55,64,60,55,88,55,97,90,104,91,91,118,91,109,101,91,89
Theft,Theft from Person,Bexley,20,21,17,16,26,21,21,15,13,31,22,11,14,15,12,18,24,16,13,10,16,23,15,19
Vehicle Offences,Aggravated Vehicle Taking,Bexley,2,2,2,2,3,3,5,1,3,1,3,3,1,3,0,1,0,3,2,4,2,2,3,2
Vehicle Offences,Interfering with a Motor Vehicle,Bexley,37,27,19,24,19,20,28,27,28,24,20,22,21,21,14,14,22,17,26,27,33,33,30,32
Vehicle Offences,Theft from a Motor Vehicle,Bexley,70,78,78,59,98,85,84,104,96,66,68,89,72,79,64,75,76,68,81,84,123,82,74,94
Vehicle Offences,Theft or Taking of a Motor Vehicle,Bexley,63,66,66,88,99,57,76,76,71,70,63,93,74,65,91,73,57,62,44,93,92,87,84,100
Violence Against the Person,Homicide,Bexley,0,0,0,1,0,0,0,0,0,0,0,0,1,2,0,0,0,0,1,0,0,0,0,1
Violence Against the Person,Violence with Injury,Bexley,115,156,151,184,195,159,159,157,143,159,127,158,165,169,124,180,156,167,147,146,174,119,161,132
Violence Against the Person,Violence without Injury,Bexley,337,359,354,329,325,310,293,346,308,352,289,344,345,318,330,343,391,368,371,358,331,308,322,293
Arson and Criminal Damage,Arson,Brent,5,6,2,4,4,10,5,7,8,7,4,6,2,6,3,3,10,6,3,8,6,3,6,9
Arson and Criminal Damage,Criminal Damage,Brent,142,160,173,161,161,179,160,134,177,146,149,137,129,173,162,187,179,197,152,175,184,149,181,166
Burglary,Burglary Business and Community,Brent,40,51,52,45,30,33,57,41,45,49,55,51,52,44,54,50,39,40,61,37,45,39,55,52
Burglary,Domestic Burglary,Brent,152,114,104,116,114,85,125,123,107,141,109,149,117,115,106,113,115,139,145,127,122,146,133,123
Drug Offences,Drug Trafficking,Brent,30,33,19,35,35,36,28,30,21,31,44,45,41,54,60,62,89,50,53,63,61,64,39,64
Drug Offences,Possession of Drugs,Brent,150,173,122,182,82,105,120,83,94,122,79,124,117,85,131,88,68,84,67,76,58,50,64,57
Miscellaneous Crimes Against Society,Absconding from Lawful Custody,Brent,0,0,0,0,0,0,0,0,1,0,0,0,0,0,0,1,0,1,0,0,0,0,0,0
Miscellaneous Crimes Against Society,Bail Offences,Brent,0,0,0,0,0,1,0,0,0,0,0,0,0,0,0,0,0,0,0,1,0,0,0,0
Miscellaneous Crimes Against Society,Bigamy,Brent,0,0,0,0,0,0,0,1,0,0,0,0,0,0,0,0,0,0,0,0,0,0,0,0
Miscellaneous Crimes Against Society,Dangerous Driving,Brent,1,1,1,1,0,0,1,0,1,0,0,2,1,0,1,3,1,0,0,0,2,0,1,1
Miscellaneous Crimes Against Society,"Disclosure, Obstruction, False or Misleading State",Brent,0,0,0,0,0,0,0,0,0,0,0,0,0,0,0,0,0,1,0,0,0,0,0,0
Miscellaneous Crimes Against Society,Forgery or Use of Drug Prescription,Brent,0,0,0,0,0,0,0,0,0,0,0,0,0,1,0,0,0,0,0,0,0,0,0,0
Miscellaneous Crimes Against Society,Fraud or Forgery Associated with Driver Records,Brent,0,0,0,0,2,0,0,0,0,1,0,0,0,0,0,0,4,2,0,1,1,0,1,1
Miscellaneous Crimes Against Society,Going Equipped for Stealing,Brent,3,1,0,2,0,0,2,0,0,2,0,2,0,0,1,0,1,0,2,0,2,1,1,0
Miscellaneous Crimes Against Society,Handling Stolen Goods,Brent,1,0,0,0,0,1,1,1,2,1,0,4,3,1,3,1,3,2,2,0,2,1,2,0
Miscellaneous Crimes Against Society,"Making, Supplying or Possessing Articles for use i",Brent,0,1,2,2,1,1,3,1,1,2,0,1,0,1,2,3,0,2,3,4,1,0,1,1
Miscellaneous Crimes Against Society,Obscene Publications,Brent,18,25,10,12,18,29,14,13,16,11,10,9,10,14,9,9,11,9,6,11,8,5,6,5
Miscellaneous Crimes Against Society,Offender Management Act,Brent,0,0,0,0,0,0,0,0,0,0,0,0,0,0,2,0,0,0,0,0,1,0,0,0
Miscellaneous Crimes Against Society,Other Forgery,Brent,2,4,2,2,4,2,1,0,0,0,2,1,3,1,0,1,2,0,1,1,0,1,0,0
Miscellaneous Crimes Against Society,Other Notifiable Offences,Brent,2,1,3,0,2,3,1,2,1,4,2,2,2,0,0,1,3,3,3,1,3,2,4,0
Miscellaneous Crimes Against Society,Perverting Course of Justice,Brent,4,1,3,1,4,0,0,1,2,0,2,2,0,2,2,4,1,2,1,1,1,2,2,1
Miscellaneous Crimes Against Society,Possession of False Documents,Brent,1,0,0,1,1,2,0,1,1,2,0,1,0,0,1,0,2,0,0,0,0,0,0,1
Miscellaneous Crimes Against Society,Profitting From or Concealing Proceeds of Crime,Brent,3,1,0,2,1,3,4,0,2,0,1,0,0,1,1,1,1,0,1,1,1,2,0,0
Miscellaneous Crimes Against Society,Threat or Possession With Intent to Commit Crimina,Brent,8,9,9,10,4,17,7,5,7,4,5,4,6,7,10,7,7,6,5,5,11,11,7,7
Possession of Weapons,Other Firearm Offences,Brent,1,2,4,6,2,1,1,5,2,2,2,1,0,3,3,1,0,4,2,0,0,1,2,1
Possession of Weapons,Possession of Article with Blade or Point,Brent,5,13,6,6,8,10,5,8,5,7,6,5,10,5,9,7,6,3,3,10,7,2,3,6
Possession of Weapons,Possession of Firearm with Intent,Brent,0,2,1,1,0,1,0,1,1,1,0,0,0,0,3,3,1,1,3,0,3,1,1,0
Possession of Weapons,Possession of Firearms Offences,Brent,2,3,1,1,1,1,1,4,3,3,0,6,1,1,4,2,2,3,0,1,1,1,1,1
Possession of Weapons,Possession of Other Weapon,Brent,12,9,6,4,5,10,13,11,8,6,9,10,7,4,14,12,13,12,13,4,5,6,5,1
Public Order Offences,"Other Offences Against the State, or Public Order",Brent,20,10,17,31,23,23,19,27,30,15,17,19,22,22,28,18,12,15,22,16,20,14,17,21
Public Order Offences,Public Fear Alarm or Distress,Brent,123,124,123,142,165,143,144,139,129,111,103,143,100,133,133,136,159,135,143,130,129,108,120,92
Public Order Offences,"Racially or Religiously Aggravated Public Fear, Al",Brent,31,41,40,41,44,35,38,43,54,54,44,27,23,37,33,48,49,39,41,31,42,56,29,40
Public Order Offences,Violent Disorder,Brent,0,0,0,0,0,0,0,1,0,0,1,0,0,0,0,1,0,0,0,0,0,0,0,0
Robbery,Robbery of Business Property,Brent,6,6,8,4,12,5,13,10,10,12,12,9,8,11,11,10,15,21,22,15,14,26,17,12
Robbery,Robbery of Personal Property,Brent,63,78,65,60,50,63,84,69,98,77,64,84,73,84,74,91,89,45,59,61,74,56,88,71
Sexual Offences,Other Sexual Offences,Brent,37,50,41,44,51,60,55,36,41,40,35,49,39,51,32,57,46,48,32,43,50,34,30,37
Sexual Offences,Rape,Brent,29,29,16,20,28,28,27,35,31,20,22,25,21,24,13,27,20,41,15,23,20,16,23,26
Theft,Bicycle Theft,Brent,30,28,42,34,45,45,29,35,37,29,18,24,25,25,21,27,39,37,31,37,28,25,13,14
Theft,Other Theft,Brent,282,274,306,326,274,313,318,272,271,318,289,290,293,381,318,325,390,357,322,296,365,348,307,329
Theft,Shoplifting,Brent,79,117,140,135,117,123,129,139,129,109,135,163,128,191,150,180,172,222,182,165,169,177,181,199
Theft,Theft from Person,Brent,119,92,95,92,76,92,88,78,74,94,79,86,97,148,119,136,104,94,78,91,119,135,153,150
Vehicle Offences,Aggravated Vehicle Taking,Brent,2,2,2,2,3,3,1,2,5,0,2,1,1,0,0,4,4,1,0,2,1,1,5,0
Vehicle Offences,Interfering with a Motor Vehicle,Brent,29,36,44,33,26,39,21,35,41,36,16,22,28,30,27,16,29,23,34,48,61,41,37,43
Vehicle Offences,Theft from a Motor Vehicle,Brent,181,248,188,174,186,189,158,201,186,179,130,150,176,203,189,197,156,149,134,193,259,223,159,204
Vehicle Offences,Theft or Taking of a Motor Vehicle,Brent,102,84,96,89,127,107,120,91,86,106,78,99,83,85,94,104,93,99,111,131,112,144,119,107
Violence Against the Person,Homicide,Brent,1,0,1,0,1,1,0,3,1,0,1,0,0,0,0,0,1,1,1,1,0,0,0,0
Violence Against the Person,Violence with Injury,Brent,204,293,262,273,270,310,262,266,293,239,210,224,227,244,254,293,320,263,276,224,234,268,257,212
Violence Against the Person,Violence without Injury,Brent,483,541,567,575,621,549,594,594,552,590,560,525,526,544,496,579,640,587,533,568,527,447,520,475
Arson and Criminal Damage,Arson,Bromley,6,4,8,11,7,6,14,3,15,2,7,4,2,8,11,9,3,14,7,9,5,6,5,10
Arson and Criminal Damage,Criminal Damage,Bromley,139,148,162,132,156,169,156,146,134,142,126,142,127,127,139,183,171,159,165,174,224,165,159,194
Burglary,Burglary Business and Community,Bromley,34,51,23,30,33,18,27,42,35,39,48,71,44,49,37,33,23,36,31,31,44,45,34,23
Burglary,Domestic Burglary,Bromley,98,77,75,85,62,55,56,87,92,108,97,89,83,122,100,104,58,69,86,81,125,99,111,102
Drug Offences,Drug Trafficking,Bromley,12,11,19,17,10,13,11,10,20,27,25,12,17,17,21,24,40,24,28,26,8,19,15,16
Drug Offences,Possession of Drugs,Bromley,69,109,84,107,106,99,99,73,85,78,53,112,75,80,65,50,49,62,57,63,58,45,36,41
Miscellaneous Crimes Against Society,Absconding from Lawful Custody,Bromley,0,0,0,0,0,0,0,0,0,1,0,0,1,1,1,0,0,0,0,0,0,0,1,0
Miscellaneous Crimes Against Society,Bail Offences,Bromley,0,0,0,0,0,0,0,0,0,0,0,1,0,0,0,0,0,0,1,0,1,0,0,0
Miscellaneous Crimes Against Society,Bigamy,Bromley,0,0,0,0,0,0,1,0,0,0,0,0,0,0,0,0,0,0,0,0,0,0,0,0
Miscellaneous Crimes Against Society,Dangerous Driving,Bromley,0,1,1,0,0,1,1,3,0,1,3,1,1,1,0,1,1,0,1,1,1,0,1,2
Miscellaneous Crimes Against Society,"Disclosure, Obstruction, False or Misleading State",Bromley,1,0,0,1,0,1,0,0,0,0,0,0,0,0,0,0,0,1,0,0,0,0,0,0
Miscellaneous Crimes Against Society,Forgery or Use of Drug Prescription,Bromley,0,0,0,0,0,0,1,0,0,0,0,1,0,0,0,0,0,0,0,0,0,0,0,0
Miscellaneous Crimes Against Society,Fraud or Forgery Associated with Driver Records,Bromley,0,0,0,0,0,0,0,1,0,0,0,1,0,0,0,0,0,0,0,0,0,0,0,0
Miscellaneous Crimes Against Society,Going Equipped for Stealing,Bromley,2,0,2,3,0,1,0,1,2,0,0,0,2,4,0,1,2,1,2,1,0,1,0,0
Miscellaneous Crimes Against Society,Handling Stolen Goods,Bromley,1,1,1,2,0,0,0,0,2,2,2,1,1,1,1,0,0,0,1,1,1,1,0,2
Miscellaneous Crimes Against Society,"Making, Supplying or Possessing Articles for use i",Bromley,1,2,2,2,0,1,0,1,0,1,1,1,0,0,2,1,1,0,3,1,1,0,0,1
Miscellaneous Crimes Against Society,Obscene Publications,Bromley,12,16,5,15,12,5,7,12,8,9,9,10,6,15,12,15,11,13,6,12,8,12,8,13
Miscellaneous Crimes Against Society,Other Forgery,Bromley,1,0,3,0,3,0,1,1,1,3,0,0,0,0,1,2,1,0,1,0,1,1,0,1
Miscellaneous Crimes Against Society,Other Notifiable Offences,Bromley,3,9,0,6,0,1,3,0,2,3,2,4,3,3,3,1,2,3,4,3,4,0,0,1
Miscellaneous Crimes Against Society,Perverting Course of Justice,Bromley,1,1,1,0,0,3,1,0,0,1,1,1,0,1,1,0,4,0,1,2,2,1,1,2
Miscellaneous Crimes Against Society,Possession of False Documents,Bromley,0,0,0,0,0,0,0,0,0,0,0,0,0,0,0,2,0,0,0,0,0,0,0,0
Miscellaneous Crimes Against Society,Profitting From or Concealing Proceeds of Crime,Bromley,0,1,1,0,2,1,0,1,0,2,0,1,0,1,0,1,0,0,2,2,0,0,1,0
Miscellaneous Crimes Against Society,Threat or Possession With Intent to Commit Crimina,Bromley,12,5,4,9,7,8,14,4,10,7,3,5,10,9,8,11,13,9,6,8,5,2,5,6
Possession of Weapons,Other Firearm Offences,Bromley,4,1,1,2,1,0,0,0,1,1,1,2,3,12,3,1,1,3,3,0,0,2,5,7
Possession of Weapons,Possession of Article with Blade or Point,Bromley,5,7,6,10,8,4,4,6,10,3,3,6,2,6,5,2,6,9,3,3,2,1,2,2
Possession of Weapons,Possession of Firearm with Intent,Bromley,0,0,1,2,2,0,1,0,2,0,0,1,0,0,1,0,0,0,0,1,0,1,0,0
Possession of Weapons,Possession of Firearms Offences,Bromley,0,1,2,0,0,0,1,0,2,0,1,2,0,0,1,2,1,1,1,1,2,1,1,0
Possession of Weapons,Possession of Other Weapon,Bromley,7,4,6,8,9,1,3,6,9,6,7,10,6,5,5,3,4,5,5,3,7,1,2,6
Public Order Offences,"Other Offences Against the State, or Public Order",Bromley,14,21,10,17,12,13,15,19,20,15,10,8,7,23,16,12,10,18,10,16,12,16,14,13
Public Order Offences,Public Fear Alarm or Distress,Bromley,68,110,115,107,115,115,124,109,81,97,75,89,112,82,95,119,140,127,105,118,99,88,87,78
Public Order Offences,"Racially or Religiously Aggravated Public Fear, Al",Bromley,21,25,27,38,18,47,36,19,29,23,14,18,20,27,22,29,29,26,31,35,22,18,26,18
Public Order Offences,Violent Disorder,Bromley,0,0,0,1,0,0,0,0,0,0,1,0,0,0,0,0,0,0,0,0,0,0,0,0
Robbery,Robbery of Business Property,Bromley,5,7,5,12,2,4,11,8,8,3,6,7,9,9,11,12,7,14,4,7,10,14,2,12
Robbery,Robbery of Personal Property,Bromley,30,37,35,45,37,58,24,20,39,50,62,39,54,48,42,37,33,33,38,22,34,69,48,58
Sexual Offences,Other Sexual Offences,Bromley,30,33,35,42,32,55,37,34,27,30,26,23,33,39,51,33,47,43,31,47,41,52,24,14
Sexual Offences,Rape,Bromley,28,28,17,15,18,21,14,21,12,21,23,20,16,14,20,11,16,22,24,19,15,15,18,12
Theft,Bicycle Theft,Bromley,9,12,18,10,16,12,16,10,11,8,6,6,9,16,9,14,19,10,8,10,11,7,8,11
Theft,Other Theft,Bromley,183,184,161,218,211,197,203,174,177,179,227,184,190,214,179,211,221,202,220,197,238,214,182,146
Theft,Shoplifting,Bromley,212,150,171,135,166,132,142,155,149,188,154,205,165,204,225,247,227,228,256,222,207,174,158,177
Theft,Theft from Person,Bromley,30,46,51,34,42,59,19,25,27,47,38,23,43,40,41,37,37,48,36,31,52,58,51,40
Vehicle Offences,Aggravated Vehicle Taking,Bromley,3,3,3,2,2,1,3,3,8,9,5,3,0,0,3,3,0,2,2,1,3,2,6,4
Vehicle Offences,Interfering with a Motor Vehicle,Bromley,33,41,29,28,31,38,31,28,28,22,28,28,25,29,19,24,27,30,39,33,47,61,49,68
Vehicle Offences,Theft from a Motor Vehicle,Bromley,132,176,159,150,155,204,132,148,166,163,142,134,130,160,69,129,139,100,99,129,154,168,160,157
Vehicle Offences,Theft or Taking of a Motor Vehicle,Bromley,74,79,74,84,74,108,84,89,122,120,104,105,78,78,101,99,97,86,119,121,106,114,126,144
Violence Against the Person,Homicide,Bromley,0,0,0,0,0,0,0,0,0,0,0,0,0,0,0,0,0,0,0,1,1,0,0,0
Violence Against the Person,Violence with Injury,Bromley,157,181,172,194,202,189,180,184,187,182,162,132,162,185,177,212,232,203,190,185,178,174,203,188
Violence Against the Person,Violence without Injury,Bromley,390,399,396,407,386,385,417,381,342,346,322,349,368,441,383,383,407,439,418,417,431,408,404,349
Arson and Criminal Damage,Arson,Camden,6,3,2,6,4,3,6,6,4,6,2,4,0,4,6,4,5,6,5,1,4,2,3,2
Arson and Criminal Damage,Criminal Damage,Camden,110,108,134,144,121,133,146,117,158,145,104,107,137,152,138,149,171,160,152,141,142,155,167,129
Burglary,Burglary Business and Community,Camden,75,67,71,85,62,62,82,72,90,64,77,97,74,91,80,73,101,91,104,96,114,74,92,86
Burglary,Domestic Burglary,Camden,111,100,75,79,100,80,89,98,102,113,100,101,97,79,95,64,102,88,105,116,90,105,103,135
Drug Offences,Drug Trafficking,Camden,23,20,12,12,17,14,17,13,17,18,12,21,21,23,30,48,45,18,20,42,48,42,25,40
Drug Offences,Possession of Drugs,Camden,140,132,126,113,107,133,96,95,80,93,75,97,85,89,70,67,70,56,67,85,75,65,86,108
Miscellaneous Crimes Against Society,Absconding from Lawful Custody,Camden,1,0,0,0,1,0,0,0,0,0,0,0,0,0,0,0,0,1,0,0,0,1,0,0
Miscellaneous Crimes Against Society,Bail Offences,Camden,0,0,0,0,0,0,0,0,0,0,0,0,0,0,0,1,0,0,0,0,0,0,0,0
Miscellaneous Crimes Against Society,Dangerous Driving,Camden,3,0,1,0,1,1,0,1,1,1,1,0,0,1,1,1,0,0,0,2,0,1,1,1
Miscellaneous Crimes Against Society,"Disclosure, Obstruction, False or Misleading State",Camden,0,0,0,0,0,0,0,0,0,0,0,0,0,0,0,0,0,1,0,0,0,0,0,0
Miscellaneous Crimes Against Society,Exploitation of Prostitution,Camden,0,0,0,0,1,0,0,0,0,0,0,0,0,1,0,0,0,0,0,0,0,0,0,0
Miscellaneous Crimes Against Society,Forgery or Use of Drug Prescription,Camden,1,0,0,1,0,0,0,0,0,0,0,0,0,0,0,0,0,0,0,0,0,0,0,0
Miscellaneous Crimes Against Society,Fraud or Forgery Associated with Driver Records,Camden,0,0,0,0,0,0,0,0,2,1,0,0,0,0,0,0,0,0,0,1,0,0,0,0
Miscellaneous Crimes Against Society,Going Equipped for Stealing,Camden,1,0,0,0,3,0,1,4,3,4,1,2,1,1,3,0,3,4,0,2,0,2,0,1
Miscellaneous Crimes Against Society,Handling Stolen Goods,Camden,1,1,1,3,1,2,5,1,1,3,3,2,6,2,5,0,1,3,2,4,0,1,1,4
Miscellaneous Crimes Against Society,"Making, Supplying or Possessing Articles for use i",Camden,1,1,1,0,2,0,2,0,2,7,3,0,1,1,0,1,0,0,0,0,1,4,1,0
Miscellaneous Crimes Against Society,Obscene Publications,Camden,5,5,4,6,4,14,6,4,6,4,2,9,3,10,9,6,3,2,11,8,7,5,1,5
Miscellaneous Crimes Against Society,Offender Management Act,Camden,0,0,0,0,1,0,0,0,0,0,0,0,0,0,0,0,0,0,0,0,0,0,0,0
Miscellaneous Crimes Against Society,Other Forgery,Camden,0,1,2,1,1,4,5,0,2,2,0,2,0,3,1,3,0,0,0,0,1,1,1,0
Miscellaneous Crimes Against Society,Other Notifiable Offences,Camden,2,3,1,0,0,0,0,1,0,0,1,0,0,1,0,0,0,2,0,2,1,0,1,0
Miscellaneous Crimes Against Society,Perjury,Camden,1,0,0,0,0,0,0,0,0,0,0,0,0,0,0,0,0,0,0,0,0,0,0,0
Miscellaneous Crimes Against Society,Perverting Course of Justice,Camden,0,1,1,1,1,0,1,0,0,0,1,2,1,0,8,2,1,0,3,2,2,1,1,0
Miscellaneous Crimes Against Society,Possession of False Documents,Camden,0,0,0,0,0,0,1,0,0,0,1,0,0,0,0,0,0,0,2,0,0,1,0,1
Miscellaneous Crimes Against Society,Profitting From or Concealing Proceeds of Crime,Camden,3,2,2,3,4,1,1,2,2,2,1,2,1,1,1,2,1,1,1,1,0,5,2,1
Miscellaneous Crimes Against Society,Threat or Possession With Intent to Commit Crimina,Camden,6,4,7,7,3,3,5,2,4,3,2,4,8,2,8,1,5,5,3,5,5,6,6,6
Possession of Weapons,Other Firearm Offences,Camden,0,0,0,0,1,0,0,1,2,0,1,3,2,0,1,0,0,2,2,0,0,2,2,2
Possession of Weapons,Possession of Article with Blade or Point,Camden,9,11,6,9,4,6,9,6,8,6,7,2,5,2,1,5,8,5,7,8,6,4,1,5
Possession of Weapons,Possession of Firearm with Intent,Camden,0,0,0,0,1,0,1,0,0,0,0,1,0,0,2,0,0,0,0,0,2,0,3,1
Possession of Weapons,Possession of Firearms Offences,Camden,3,2,0,3,0,0,0,0,1,0,1,1,0,0,1,2,1,0,0,2,5,0,0,1
Possession of Weapons,Possession of Other Weapon,Camden,4,5,7,3,6,8,8,5,7,4,5,6,8,6,6,11,5,7,3,10,6,3,8,1
Public Order Offences,"Other Offences Against the State, or Public Order",Camden,16,20,19,29,22,21,25,25,24,26,19,20,17,27,18,19,30,21,29,21,22,26,20,15
Public Order Offences,Public Fear Alarm or Distress,Camden,94,127,126,137,128,144,139,115,114,115,99,130,132,151,149,147,155,152,144,120,135,141,132,100
Public Order Offences,"Racially or Religiously Aggravated Public Fear, Al",Camden,46,28,40,38,53,44,43,24,31,48,15,33,23,33,41,41,55,39,34,41,55,56,40,30
Public Order Offences,Violent Disorder,Camden,0,0,0,1,0,0,0,0,0,0,0,0,0,0,0,1,0,0,0,1,0,0,0,0
Robbery,Robbery of Business Property,Camden,9,2,4,4,5,9,12,10,4,12,9,13,5,13,12,12,24,14,18,10,13,27,20,14
Robbery,Robbery of Personal Property,Camden,79,79,65,130,95,104,111,74,136,134,90,124,91,109,151,138,123,124,99,119,140,136,94,129
Sexual Offences,Other Sexual Offences,Camden,43,50,42,60,48,57,48,47,61,45,42,55,39,52,40,51,62,44,49,60,52,35,35,43
Sexual Offences,Rape,Camden,23,25,25,26,19,19,21,17,28,18,26,26,20,39,27,14,21,17,37,31,32,19,18,15
Theft,Bicycle Theft,Camden,71,105,149,113,140,152,127,88,123,83,53,54,68,88,80,90,105,148,83,106,83,79,40,71
Theft,Other Theft,Camden,523,581,596,584,539,630,560,659,806,793,657,643,677,858,710,830,836,790,723,714,794,887,708,652
Theft,Shoplifting,Camden,106,117,146,156,84,99,123,90,97,125,112,145,163,197,183,204,188,215,210,213,215,235,216,202
Theft,Theft from Person,Camden,320,454,404,471,441,458,362,292,490,516,403,478,442,540,488,520,452,465,439,526,567,637,516,546
Vehicle Offences,Aggravated Vehicle Taking,Camden,0,0,0,1,1,1,0,0,1,0,2,1,1,1,1,0,1,2,0,1,3,3,1,3
Vehicle Offences,Interfering with a Motor Vehicle,Camden,17,28,40,31,19,28,30,26,21,23,13,24,19,19,21,24,19,14,14,20,24,16,21,21
Vehicle Offences,Theft from a Motor Vehicle,Camden,160,216,217,228,202,211,260,258,245,186,128,187,217,217,236,224,187,196,170,143,203,178,160,124
Vehicle Offences,Theft or Taking of a Motor Vehicle,Camden,44,31,41,56,56,61,52,64,66,76,58,41,41,61,58,78,59,62,55,74,51,58,38,68
Violence Against the Person,Homicide,Camden,0,0,0,0,0,0,0,0,0,0,0,0,0,0,0,0,0,0,1,0,0,0,1,0
Violence Against the Person,Violence with Injury,Camden,177,196,207,177,223,200,191,179,170,198,161,183,178,197,227,217,262,246,208,204,204,197,217,177
Violence Against the Person,Violence without Injury,Camden,408,462,377,401,392,397,410,405,430,392,395,397,378,441,436,462,474,479,415,393,475,443,373,478
Arson and Criminal Damage,Arson,Croydon,7,4,12,11,10,11,6,6,3,12,5,9,6,7,10,7,8,14,15,13,3,7,12,10
Arson and Criminal Damage,Criminal Damage,Croydon,182,186,225,207,213,238,217,196,200,153,178,228,178,213,204,247,267,228,259,255,244,200,221,224
Burglary,Burglary Business and Community,Croydon,59,61,37,74,74,67,51,71,40,35,48,55,60,50,36,55,40,46,51,37,50,49,43,28
Burglary,Domestic Burglary,Croydon,107,138,114,139,128,108,102,130,110,150,134,112,102,109,95,93,82,103,94,105,97,116,156,138
Drug Offences,Drug Trafficking,Croydon,38,35,25,28,34,20,13,30,38,42,33,32,38,43,39,49,85,69,44,39,34,38,31,29
Drug Offences,Possession of Drugs,Croydon,174,157,145,162,133,126,130,132,145,137,99,123,96,118,116,138,81,94,99,108,80,99,76,98
Miscellaneous Crimes Against Society,Absconding from Lawful Custody,Croydon,0,0,0,0,0,0,0,0,0,0,0,0,0,0,0,0,0,0,1,0,0,0,0,0
Miscellaneous Crimes Against Society,Dangerous Driving,Croydon,1,1,1,3,2,1,2,3,1,4,2,1,1,2,1,1,2,0,2,0,1,1,0,0
Miscellaneous Crimes Against Society,Forgery or Use of Drug Prescription,Croydon,0,0,0,0,0,0,0,0,1,0,0,0,0,0,0,0,0,0,0,0,0,0,0,0
Miscellaneous Crimes Against Society,Fraud or Forgery Associated with Driver Records,Croydon,0,0,0,0,0,0,0,0,1,0,0,0,0,0,0,0,0,0,0,0,0,0,0,0
Miscellaneous Crimes Against Society,Going Equipped for Stealing,Croydon,0,0,0,1,0,0,0,0,1,0,0,0,1,1,1,0,1,0,0,0,1,0,0,0
Miscellaneous Crimes Against Society,Handling Stolen Goods,Croydon,1,0,2,1,0,3,0,1,0,3,3,2,2,2,4,4,3,0,2,2,1,0,1,2
Miscellaneous Crimes Against Society,"Making, Supplying or Possessing Articles for use i",Croydon,1,1,0,2,0,2,1,0,0,0,3,2,1,1,1,0,0,0,0,0,1,1,0,0
Miscellaneous Crimes Against Society,Obscene Publications,Croydon,22,31,10,22,15,14,30,13,20,10,15,20,16,30,15,15,13,16,17,15,12,18,16,16
Miscellaneous Crimes Against Society,Offender Management Act,Croydon,0,0,1,0,0,0,0,0,0,0,0,0,0,0,0,1,1,0,0,0,0,0,0,0
Miscellaneous Crimes Against Society,Other Forgery,Croydon,3,2,1,2,2,2,7,5,3,0,4,3,0,2,1,2,0,0,1,1,4,0,2,0
Miscellaneous Crimes Against Society,Other Notifiable Offences,Croydon,3,5,1,8,4,2,1,1,1,2,1,2,2,0,3,2,4,2,3,1,2,1,4,1
Miscellaneous Crimes Against Society,Perjury,Croydon,0,0,0,0,0,0,0,0,0,0,0,0,0,0,1,0,0,0,0,0,0,0,0,0
Miscellaneous Crimes Against Society,Perverting Course of Justice,Croydon,3,2,5,4,1,2,0,2,2,4,3,3,3,6,8,1,2,0,1,5,0,1,2,0
Miscellaneous Crimes Against Society,Possession of False Documents,Croydon,0,0,0,0,0,0,0,0,0,0,0,0,0,0,1,5,0,0,0,0,0,1,0,1
Miscellaneous Crimes Against Society,Profitting From or Concealing Proceeds of Crime,Croydon,7,6,1,5,1,1,3,2,1,6,1,0,2,2,0,0,0,1,1,1,0,0,1,1
Miscellaneous Crimes Against Society,Threat or Possession With Intent to Commit Crimina,Croydon,6,16,14,17,4,4,11,5,6,10,6,5,9,15,9,17,11,15,11,9,13,8,7,9
Possession of Weapons,Other Firearm Offences,Croydon,1,2,2,2,0,1,1,1,0,1,1,1,3,6,6,0,2,5,1,2,0,1,1,5
Possession of Weapons,Other Knife Offences,Croydon,0,0,0,0,1,0,0,0,0,0,0,0,0,0,0,0,0,0,0,0,0,0,0,0
Possession of Weapons,Possession of Article with Blade or Point,Croydon,15,13,15,13,11,13,10,6,21,9,11,13,9,13,14,15,22,14,7,4,10,9,8,6
Possession of Weapons,Possession of Firearm with Intent,Croydon,2,2,1,1,0,0,1,1,0,1,2,2,2,2,2,0,2,3,0,2,0,1,1,0
Possession of Weapons,Possession of Firearms Offences,Croydon,3,3,2,3,2,0,1,1,1,0,1,5,1,1,1,7,3,4,1,0,3,4,0,2
Possession of Weapons,Possession of Other Weapon,Croydon,11,14,15,16,14,13,5,9,12,9,7,11,9,10,8,8,20,8,8,8,20,11,10,14
Public Order Offences,"Other Offences Against the State, or Public Order",Croydon,30,28,23,25,33,23,34,30,27,20,22,22,24,30,24,30,30,29,17,33,24,28,35,28
Public Order Offences,Public Fear Alarm or Distress,Croydon,125,129,131,143,136,134,137,137,144,129,118,117,105,140,100,148,170,140,127,150,130,155,139,145
Public Order Offences,"Racially or Religiously Aggravated Public Fear, Al",Croydon,28,40,39,49,40,44,34,40,37,35,22,30,22,27,31,46,37,39,39,42,35,41,28,33
Public Order Offences,Violent Disorder,Croydon,0,0,0,0,0,0,0,0,0,0,0,0,1,0,0,0,0,0,0,0,0,0,0,0
Robbery,Robbery of Business Property,Croydon,7,6,9,14,17,9,14,9,10,16,12,17,7,5,12,11,18,31,24,11,16,17,19,8
Robbery,Robbery of Personal Property,Croydon,60,60,79,85,128,93,83,115,116,87,85,77,78,103,70,89,83,88,85,144,156,188,108,141
Sexual Offences,Other Sexual Offences,Croydon,56,65,56,67,70,55,67,69,79,65,45,52,54,53,50,75,64,67,65,55,53,54,60,49
Sexual Offences,Rape,Croydon,42,54,35,44,40,50,52,39,43,42,30,41,43,43,33,52,43,52,42,38,38,36,30,46
Theft,Bicycle Theft,Croydon,4,16,14,23,23,24,25,22,18,15,6,9,10,4,11,17,14,17,19,19,19,12,18,19
Theft,Other Theft,Croydon,261,308,302,340,324,326,353,305,308,330,338,311,263,301,266,282,286,292,300,272,276,310,323,283
Theft,Shoplifting,Croydon,99,125,142,169,152,148,132,114,120,131,134,209,170,219,184,164,254,242,248,222,231,211,223,204
Theft,Theft from Person,Croydon,51,64,44,61,58,57,51,59,51,55,56,61,68,61,45,66,58,63,56,67,64,58,54,50
Vehicle Offences,Aggravated Vehicle Taking,Croydon,3,5,5,2,1,1,3,4,1,3,2,1,3,4,0,3,3,6,2,1,5,3,1,5
Vehicle Offences,Interfering with a Motor Vehicle,Croydon,28,30,46,25,29,33,45,38,38,36,26,24,21,37,34,35,39,32,48,33,60,30,38,36
Vehicle Offences,Theft from a Motor Vehicle,Croydon,205,185,168,188,252,261,253,268,262,240,167,167,160,179,130,146,143,165,166,173,246,188,138,189
Vehicle Offences,Theft or Taking of a Motor Vehicle,Croydon,89,102,95,111,112,121,108,156,173,123,109,106,77,102,96,115,125,152,126,137,137,121,121,178
Violence Against the Person,Homicide,Croydon,1,0,0,0,1,0,1,0,0,0,1,0,0,0,0,1,4,0,0,2,2,0,1,0
Violence Against the Person,Violence with Injury,Croydon,283,323,294,285,321,368,324,321,300,282,307,249,255,276,256,305,363,324,325,359,344,284,272,301
Violence Against the Person,Violence without Injury,Croydon,637,680,627,685,611,661,653,649,664,618,556,577,599,649,654,610,745,724,631,662,724,691,691,716
Arson and Criminal Damage,Arson,Ealing,3,2,5,3,8,8,7,5,6,10,3,1,5,0,3,6,7,7,12,9,6,5,5,6
Arson and Criminal Damage,Criminal Damage,Ealing,168,198,160,167,162,180,159,159,179,152,161,140,172,179,174,212,198,211,176,178,198,178,188,150
Burglary,Burglary Business and Community,Ealing,38,45,32,39,39,36,56,70,51,61,34,59,43,40,33,46,38,31,50,49,34,39,61,59
Burglary,Domestic Burglary,Ealing,100,123,98,94,103,108,114,114,164,142,108,142,121,111,120,105,116,139,120,141,106,123,142,171
Drug Offences,Drug Trafficking,Ealing,27,25,19,37,21,23,33,19,25,42,27,29,33,33,39,40,38,33,46,52,28,33,41,37
Drug Offences,Possession of Drugs,Ealing,97,113,84,101,110,111,86,78,86,68,59,96,84,85,68,72,89,85,82,53,47,59,48,55
Miscellaneous Crimes Against Society,Absconding from Lawful Custody,Ealing,0,0,0,0,0,0,1,0,1,0,0,1,0,0,0,0,0,1,2,0,0,0,1,0
Miscellaneous Crimes Against Society,Bail Offences,Ealing,1,0,0,1,0,0,0,0,0,0,0,0,0,0,0,0,0,0,0,0,0,0,0,0
Miscellaneous Crimes Against Society,Bigamy,Ealing,0,0,0,0,0,0,0,0,0,0,0,0,0,0,0,1,0,0,0,0,0,0,0,0
Miscellaneous Crimes Against Society,Dangerous Driving,Ealing,1,2,2,0,2,1,0,0,0,0,0,1,0,2,0,1,0,1,0,1,1,0,1,0
Miscellaneous Crimes Against Society,Exploitation of Prostitution,Ealing,0,0,1,0,0,0,0,0,0,0,0,0,0,1,0,0,0,0,1,0,0,0,0,0
Miscellaneous Crimes Against Society,Forgery or Use of Drug Prescription,Ealing,0,0,0,0,0,0,0,0,0,0,0,0,0,0,0,0,0,0,1,0,0,1,0,0
Miscellaneous Crimes Against Society,Fraud or Forgery Associated with Driver Records,Ealing,0,0,0,0,0,0,0,0,0,1,1,1,0,1,0,2,0,0,0,0,0,0,0,1
Miscellaneous Crimes Against Society,Going Equipped for Stealing,Ealing,3,2,1,1,0,1,0,0,2,2,0,1,2,1,0,0,3,0,0,0,0,0,1,0
Miscellaneous Crimes Against Society,Handling Stolen Goods,Ealing,1,0,1,2,1,1,0,0,0,2,0,1,0,1,0,0,1,0,0,2,0,3,2,0
Miscellaneous Crimes Against Society,"Making, Supplying or Possessing Articles for use i",Ealing,0,3,0,2,0,3,1,1,3,0,0,0,2,0,0,1,0,1,2,2,1,0,1,0
Miscellaneous Crimes Against Society,Obscene Publications,Ealing,6,13,7,17,11,13,10,10,13,14,15,14,11,21,7,12,17,8,14,13,12,6,8,15
Miscellaneous Crimes Against Society,Offender Management Act,Ealing,0,0,0,0,0,0,0,1,0,0,0,0,0,0,1,0,0,0,0,0,0,0,0,0
Miscellaneous Crimes Against Society,Other Forgery,Ealing,1,0,3,1,0,4,2,1,0,1,0,2,1,0,0,1,0,1,1,0,1,0,4,0
Miscellaneous Crimes Against Society,Other Notifiable Offences,Ealing,1,3,0,0,2,2,2,6,4,5,5,3,3,2,3,6,2,2,2,3,4,1,2,5
Miscellaneous Crimes Against Society,Perjury,Ealing,0,0,0,0,0,0,1,0,0,0,0,0,0,0,0,0,0,0,0,0,0,0,0,0
Miscellaneous Crimes Against Society,Perverting Course of Justice,Ealing,1,1,0,2,1,3,4,1,3,1,1,1,3,1,1,0,2,5,2,3,2,2,1,1
Miscellaneous Crimes Against Society,Possession of False Documents,Ealing,0,1,0,1,2,0,1,0,0,0,0,0,1,0,2,3,2,1,1,0,0,0,0,1
Miscellaneous Crimes Against Society,Profitting From or Concealing Proceeds of Crime,Ealing,1,4,1,4,1,3,2,2,2,2,0,0,3,3,0,1,0,2,2,1,0,0,0,0
Miscellaneous Crimes Against Society,Threat or Possession With Intent to Commit Crimina,Ealing,7,6,10,11,14,5,6,11,11,5,10,7,9,4,11,10,12,18,7,8,13,7,8,11
Possession of Weapons,Other Firearm Offences,Ealing,3,2,3,3,1,1,3,3,2,0,1,1,0,3,1,1,2,1,1,3,1,1,0,1
Possession of Weapons,Possession of Article with Blade or Point,Ealing,8,8,3,6,7,2,8,11,6,6,5,6,5,7,5,5,6,6,2,6,2,4,5,4
Possession of Weapons,Possession of Firearm with Intent,Ealing,1,3,0,0,1,0,1,1,0,1,0,1,0,1,0,0,0,3,0,0,0,0,2,1
Possession of Weapons,Possession of Firearms Offences,Ealing,0,1,0,2,2,3,2,0,1,0,1,1,3,0,1,1,2,0,2,3,0,1,0,0
Possession of Weapons,Possession of Other Weapon,Ealing,5,7,2,3,6,4,15,3,4,7,3,5,5,6,5,5,6,6,6,1,4,4,5,3
Public Order Offences,"Other Offences Against the State, or Public Order",Ealing,28,37,27,26,25,31,30,23,25,25,23,16,21,20,20,24,22,29,26,27,31,29,23,16
Public Order Offences,Public Fear Alarm or Distress,Ealing,122,145,126,167,123,155,142,125,161,137,112,122,135,139,133,176,176,162,121,172,149,129,125,125
Public Order Offences,"Racially or Religiously Aggravated Public Fear, Al",Ealing,33,43,31,49,34,30,40,29,26,34,20,28,34,28,24,39,39,43,47,46,33,37,30,21
Robbery,Robbery of Business Property,Ealing,3,6,8,13,11,3,12,6,6,11,4,11,5,6,5,6,3,17,12,14,10,16,13,14
Robbery,Robbery of Personal Property,Ealing,48,43,40,64,50,59,50,43,60,54,45,66,75,82,58,84,48,66,58,64,88,75,101,87
Sexual Offences,Other Sexual Offences,Ealing,36,52,44,53,50,44,58,50,49,52,34,47,28,52,48,60,48,42,44,67,49,43,42,37
Sexual Offences,Rape,Ealing,30,35,33,31,32,34,26,24,40,22,17,23,25,22,28,32,30,19,31,29,24,27,25,16
Theft,Bicycle Theft,Ealing,28,29,39,45,35,34,45,37,34,33,13,24,24,34,20,44,36,37,33,48,54,33,22,29
Theft,Other Theft,Ealing,241,284,266,292,296,292,306,271,312,310,295,309,266,319,298,335,295,331,306,298,332,324,288,260
Theft,Shoplifting,Ealing,83,73,91,97,110,96,98,99,121,104,117,149,156,172,149,130,156,157,159,168,183,176,144,162
Theft,Theft from Person,Ealing,72,93,75,69,66,80,54,54,69,56,59,53,68,81,86,81,95,70,49,69,71,101,79,55
Vehicle Offences,Aggravated Vehicle Taking,Ealing,3,1,2,6,1,1,4,1,4,1,2,4,3,1,0,4,1,3,1,2,1,1,5,2
Vehicle Offences,Interfering with a Motor Vehicle,Ealing,27,30,43,48,30,35,20,29,23,51,30,32,38,44,28,24,27,27,42,33,54,55,40,46
Vehicle Offences,Theft from a Motor Vehicle,Ealing,274,271,279,236,244,268,230,237,255,261,242,246,269,264,163,261,241,261,258,250,371,287,207,257
Vehicle Offences,Theft or Taking of a Motor Vehicle,Ealing,72,85,87,84,106,113,59,65,79,89,54,86,97,122,87,128,104,88,98,119,129,136,101,120
Violence Against the Person,Homicide,Ealing,0,0,0,1,2,1,2,1,0,0,0,1,0,1,0,0,1,0,0,0,0,0,0,0
Violence Against the Person,Violence with Injury,Ealing,222,221,208,269,255,254,271,247,263,239,222,236,242,259,259,251,266,280,288,311,272,261,243,232
Violence Against the Person,Violence without Injury,Ealing,573,582,513,662,618,618,637,544,632,618,591,593,573,640,540,669,636,697,623,673,678,572,605,600
Arson and Criminal Damage,Arson,Enfield,1,4,10,10,10,8,10,5,11,5,5,4,3,6,4,8,9,9,13,11,13,11,13,8
Arson and Criminal Damage,Criminal Damage,Enfield,134,178,169,142,144,163,151,168,176,185,169,146,152,185,171,179,188,157,153,195,169,187,155,170
Burglary,Burglary Business and Community,Enfield,38,58,59,59,42,36,41,38,39,54,54,81,59,44,39,49,42,39,42,71,64,48,82,60
Burglary,Domestic Burglary,Enfield,134,116,110,132,132,104,84,125,134,116,127,148,123,145,106,108,130,118,129,100,147,168,176,156
Drug Offences,Drug Trafficking,Enfield,20,31,28,37,35,28,31,27,40,62,60,49,53,30,46,48,62,44,50,32,43,42,40,30
Drug Offences,Possession of Drugs,Enfield,128,186,86,126,136,125,74,62,72,50,36,87,54,69,66,72,46,44,35,55,38,50,35,67
Miscellaneous Crimes Against Society,Absconding from Lawful Custody,Enfield,0,1,0,0,0,0,0,0,0,1,0,0,0,0,0,0,0,0,0,0,0,0,0,0
Miscellaneous Crimes Against Society,Bail Offences,Enfield,0,0,0,1,0,0,0,0,0,0,0,0,0,0,0,0,1,0,0,1,0,0,0,0
Miscellaneous Crimes Against Society,Bigamy,Enfield,0,0,0,0,0,0,0,0,0,0,0,0,0,0,0,0,0,1,0,0,0,0,0,0
Miscellaneous Crimes Against Society,Dangerous Driving,Enfield,0,2,3,2,2,3,2,0,3,2,0,0,0,3,0,1,2,0,0,4,0,0,0,1
Miscellaneous Crimes Against Society,"Disclosure, Obstruction, False or Misleading State",Enfield,0,0,0,0,1,0,0,0,0,0,0,0,0,0,0,0,0,0,0,0,0,0,0,0
Miscellaneous Crimes Against Society,Exploitation of Prostitution,Enfield,0,0,0,0,0,0,0,0,1,0,0,0,0,0,1,0,0,1,0,0,0,0,0,0
Miscellaneous Crimes Against Society,Forgery or Use of Drug Prescription,Enfield,0,0,0,0,0,1,0,0,0,0,0,0,0,0,0,0,0,0,0,0,0,1,0,0
Miscellaneous Crimes Against Society,Fraud or Forgery Associated with Driver Records,Enfield,0,2,1,0,0,0,0,0,0,0,1,0,0,1,0,1,2,0,0,0,0,0,0,0
Miscellaneous Crimes Against Society,Going Equipped for Stealing,Enfield,2,2,0,0,0,0,0,1,1,0,0,1,2,0,0,1,0,0,1,2,0,2,0,0
Miscellaneous Crimes Against Society,Handling Stolen Goods,Enfield,1,2,3,3,4,1,5,3,5,2,1,1,2,0,0,0,0,2,2,2,0,0,1,0
Miscellaneous Crimes Against Society,"Making, Supplying or Possessing Articles for use i",Enfield,3,0,0,0,2,1,2,1,0,0,0,2,1,1,0,1,0,1,0,1,2,0,2,1
Miscellaneous Crimes Against Society,Obscene Publications,Enfield,16,10,13,17,10,10,13,10,17,9,10,30,17,18,10,10,11,19,9,15,9,17,7,14
Miscellaneous Crimes Against Society,Offender Management Act,Enfield,0,0,0,0,0,0,0,0,0,0,0,0,0,0,0,1,0,0,0,0,0,0,0,0
Miscellaneous Crimes Against Society,Other Forgery,Enfield,0,0,2,0,2,1,1,0,0,0,1,0,0,0,3,0,1,1,0,3,2,0,0,0
Miscellaneous Crimes Against Society,Other Notifiable Offences,Enfield,4,2,2,0,1,4,2,2,2,3,1,2,0,2,2,2,1,3,1,2,0,0,1,1
Miscellaneous Crimes Against Society,Perjury,Enfield,0,0,0,0,0,0,0,1,0,0,0,0,0,0,0,0,0,0,0,0,0,0,0,0
Miscellaneous Crimes Against Society,Perverting Course of Justice,Enfield,1,2,0,2,1,2,1,3,2,1,1,2,0,0,1,0,0,1,2,0,0,0,0,1
Miscellaneous Crimes Against Society,Possession of False Documents,Enfield,0,0,0,0,1,1,1,0,1,0,1,1,1,2,2,0,2,1,1,1,0,2,0,1
Miscellaneous Crimes Against Society,Profitting From or Concealing Proceeds of Crime,Enfield,2,0,0,4,3,4,2,2,3,1,0,3,4,2,1,1,1,1,0,0,1,3,0,0
Miscellaneous Crimes Against Society,Soliciting for Prostitution,Enfield,11,5,6,8,10,6,12,0,1,1,0,3,4,9,1,1,1,8,2,2,1,0,0,0
Miscellaneous Crimes Against Society,Threat or Possession With Intent to Commit Crimina,Enfield,7,8,8,7,8,4,8,6,13,12,5,6,7,8,4,6,5,7,10,7,8,4,8,8
Possession of Weapons,Other Firearm Offences,Enfield,2,1,3,1,1,0,3,2,1,2,2,1,7,4,2,3,2,4,4,1,5,0,0,3
Possession of Weapons,Possession of Article with Blade or Point,Enfield,19,12,9,11,14,6,5,5,5,7,7,12,5,8,4,9,7,5,8,5,4,3,3,2
Possession of Weapons,Possession of Firearm with Intent,Enfield,2,1,0,2,3,4,0,0,1,1,0,1,1,2,0,1,3,0,1,2,2,0,4,1
Possession of Weapons,Possession of Firearms Offences,Enfield,1,0,3,0,2,2,3,3,0,2,2,3,2,0,2,1,0,0,0,0,4,1,2,3
Possession of Weapons,Possession of Other Weapon,Enfield,12,13,5,10,17,11,10,6,14,7,6,12,9,6,8,9,6,6,5,10,5,13,4,9
Public Order Offences,"Other Offences Against the State, or Public Order",Enfield,18,15,19,24,28,24,23,19,23,31,16,23,13,25,20,22,25,18,18,20,21,20,17,15
Public Order Offences,Public Fear Alarm or Distress,Enfield,93,156,114,130,141,140,110,90,104,131,90,103,80,125,99,119,139,96,104,97,122,109,98,98
Public Order Offences,"Racially or Religiously Aggravated Public Fear, Al",Enfield,26,39,37,34,30,43,35,21,21,16,28,19,20,29,35,30,31,26,23,27,29,23,23,21
Public Order Offences,Violent Disorder,Enfield,0,0,0,0,1,0,0,0,0,0,0,0,0,0,0,1,0,0,0,1,0,0,0,0
Robbery,Robbery of Business Property,Enfield,3,10,6,4,5,5,8,3,5,10,4,8,10,3,11,5,6,1,7,2,9,7,5,17
Robbery,Robbery of Personal Property,Enfield,62,85,72,97,89,80,82,95,79,87,59,76,66,76,71,66,50,62,73,57,89,76,101,80
Sexual Offences,Other Sexual Offences,Enfield,37,37,38,58,43,46,31,36,41,38,33,41,37,52,46,46,44,62,45,50,49,43,41,29
Sexual Offences,Rape,Enfield,25,34,18,36,21,30,33,28,19,33,21,25,19,26,30,35,23,19,14,23,33,32,25,34
Theft,Bicycle Theft,Enfield,7,14,12,9,14,18,19,13,19,13,12,8,15,5,15,8,15,12,22,19,23,22,15,13
Theft,Other Theft,Enfield,245,260,259,291,325,300,286,259,254,270,272,260,212,253,249,276,277,259,230,282,291,263,293,225
Theft,Shoplifting,Enfield,100,107,77,114,91,81,82,76,97,103,70,127,95,125,106,109,123,124,126,115,99,99,114,125
Theft,Theft from Person,Enfield,68,104,72,55,97,76,87,77,97,90,77,78,75,83,75,63,72,67,55,60,91,114,94,79
Vehicle Offences,Aggravated Vehicle Taking,Enfield,2,3,2,7,4,4,1,1,2,7,0,3,2,4,4,4,2,6,5,1,3,1,4,4
Vehicle Offences,Interfering with a Motor Vehicle,Enfield,49,61,47,36,52,35,42,35,47,55,62,79,65,52,42,34,42,66,56,60,49,48,41,46
Vehicle Offences,Theft from a Motor Vehicle,Enfield,224,226,212,248,202,219,257,272,264,274,252,297,250,293,210,184,170,220,241,213,199,201,219,248
Vehicle Offences,Theft or Taking of a Motor Vehicle,Enfield,144,177,129,107,143,130,141,143,167,173,154,185,132,169,190,173,170,177,166,169,161,143,134,144
Violence Against the Person,Homicide,Enfield,2,0,0,0,0,0,0,0,1,0,0,0,0,0,0,0,0,1,0,0,1,0,0,0
Violence Against the Person,Violence with Injury,Enfield,225,223,249,293,270,244,258,253,222,200,214,240,211,261,235,279,277,273,232,266,272,244,254,208
Violence Against the Person,Violence without Injury,Enfield,500,561,502,577,573,585,559,482,543,573,467,518,486,576,463,613,573,543,465,549,594,495,499,505
Arson and Criminal Damage,Arson,Greenwich,4,11,11,7,13,9,9,4,3,5,4,6,8,7,11,7,8,20,16,22,19,5,6,13
Arson and Criminal Damage,Criminal Damage,Greenwich,127,164,168,167,157,165,178,168,180,160,122,132,138,178,193,182,181,176,186,201,178,169,174,167
Burglary,Burglary Business and Community,Greenwich,43,36,37,42,52,38,37,28,50,55,38,37,35,55,51,44,44,49,35,42,29,28,35,48
Burglary,Domestic Burglary,Greenwich,117,124,88,88,114,98,101,91,118,115,99,107,134,115,84,70,72,121,78,77,94,94,127,130
Drug Offences,Drug Trafficking,Greenwich,52,38,19,30,18,27,21,14,21,23,15,22,36,25,17,26,40,36,38,42,28,26,18,14
Drug Offences,Possession of Drugs,Greenwich,127,156,122,128,111,129,109,110,144,120,85,167,77,92,79,90,121,101,130,94,98,73,75,63
Miscellaneous Crimes Against Society,Absconding from Lawful Custody,Greenwich,0,0,0,0,0,0,0,1,0,0,0,0,0,0,0,0,0,1,0,0,0,0,0,0
Miscellaneous Crimes Against Society,Dangerous Driving,Greenwich,1,3,0,0,1,2,2,1,0,2,1,1,0,3,1,2,0,1,0,1,1,0,1,0
Miscellaneous Crimes Against Society,"Disclosure, Obstruction, False or Misleading State",Greenwich,0,0,0,0,0,0,1,0,0,1,0,0,0,0,0,0,0,0,0,0,0,0,0,0
Miscellaneous Crimes Against Society,Exploitation of Prostitution,Greenwich,0,0,0,0,5,0,0,0,0,0,0,0,0,0,0,0,0,0,1,0,0,1,0,0
Miscellaneous Crimes Against Society,Forgery or Use of Drug Prescription,Greenwich,0,0,0,0,0,0,0,1,0,0,0,0,0,0,0,0,1,0,0,0,0,0,0,0
Miscellaneous Crimes Against Society,Fraud or Forgery Associated with Driver Records,Greenwich,0,0,0,0,0,0,2,0,0,0,0,0,0,1,0,0,0,0,0,0,0,0,0,0
Miscellaneous Crimes Against Society,Going Equipped for Stealing,Greenwich,1,1,1,0,2,1,0,2,0,0,1,0,0,3,1,0,0,0,1,1,0,3,0,1
Miscellaneous Crimes Against Society,Handling Stolen Goods,Greenwich,0,2,1,1,2,1,1,0,1,0,1,2,1,4,0,0,3,3,2,1,0,4,1,1
Miscellaneous Crimes Against Society,"Making, Supplying or Possessing Articles for use i",Greenwich,1,2,3,0,0,0,1,1,1,2,2,2,0,2,0,2,0,1,0,0,2,2,1,1
Miscellaneous Crimes Against Society,Obscene Publications,Greenwich,10,12,17,13,12,9,9,11,13,7,12,10,11,15,10,11,12,9,14,16,11,13,3,10
Miscellaneous Crimes Against Society,Offender Management Act,Greenwich,1,2,4,7,4,2,4,7,0,7,3,0,2,0,1,5,2,4,0,1,2,4,1,4
Miscellaneous Crimes Against Society,Other Forgery,Greenwich,2,1,1,0,0,3,0,2,1,2,1,0,2,0,0,1,2,0,2,1,2,0,1,2
Miscellaneous Crimes Against Society,Other Notifiable Offences,Greenwich,4,4,1,1,1,0,3,3,3,0,2,3,2,2,2,1,1,0,3,2,1,2,0,1
Miscellaneous Crimes Against Society,Perjury,Greenwich,0,0,0,0,0,0,0,0,0,0,0,0,0,0,0,0,0,0,0,0,0,0,0,1
Miscellaneous Crimes Against Society,Perverting Course of Justice,Greenwich,4,1,7,2,1,2,1,2,2,2,1,4,1,2,3,4,2,1,3,4,1,2,3,5
Miscellaneous Crimes Against Society,Possession of False Documents,Greenwich,1,1,3,1,2,1,0,0,0,0,1,0,3,2,0,0,1,1,1,1,1,0,0,0
Miscellaneous Crimes Against Society,Profitting From or Concealing Proceeds of Crime,Greenwich,1,4,1,1,2,2,1,2,1,4,0,0,0,1,1,0,2,2,0,1,0,0,1,0
Miscellaneous Crimes Against Society,Threat or Possession With Intent to Commit Crimina,Greenwich,7,9,6,5,6,12,11,7,11,6,2,6,6,5,13,11,11,13,6,14,12,12,10,10
Possession of Weapons,Other Firearm Offences,Greenwich,5,1,2,2,2,0,1,0,1,3,1,4,2,2,1,0,2,3,5,1,1,1,2,2
Possession of Weapons,Possession of Article with Blade or Point,Greenwich,4,14,13,13,11,5,7,7,11,10,2,14,4,8,11,7,10,4,5,7,2,8,3,6
Possession of Weapons,Possession of Firearm with Intent,Greenwich,0,1,1,0,0,1,1,1,3,2,1,1,3,0,0,1,2,0,1,0,1,0,0,1
Possession of Weapons,Possession of Firearms Offences,Greenwich,0,1,1,2,1,1,2,1,1,1,3,2,0,2,1,0,3,1,0,0,0,2,1,1
Possession of Weapons,Possession of Other Weapon,Greenwich,11,5,11,15,9,7,3,6,9,4,7,5,8,9,4,8,16,15,10,15,11,7,6,13
Public Order Offences,"Other Offences Against the State, or Public Order",Greenwich,17,35,20,22,18,28,17,17,20,24,22,16,17,41,23,27,29,37,37,28,29,25,30,18
Public Order Offences,Public Fear Alarm or Distress,Greenwich,118,141,106,157,144,126,133,117,112,114,119,110,106,137,117,156,157,128,134,145,128,138,112,114
Public Order Offences,"Racially or Religiously Aggravated Public Fear, Al",Greenwich,33,29,29,33,33,35,23,28,33,18,17,18,22,18,23,33,23,25,32,39,27,24,25,12
Public Order Offences,Violent Disorder,Greenwich,0,0,0,0,0,0,0,0,0,0,0,0,0,1,0,0,0,0,0,0,0,0,0,0
Robbery,Robbery of Business Property,Greenwich,4,3,8,3,13,5,7,7,7,6,7,6,11,15,9,12,13,12,19,11,18,10,17,14
Robbery,Robbery of Personal Property,Greenwich,50,32,39,74,50,60,59,62,57,52,60,59,72,60,53,78,70,54,36,56,54,63,69,64
Sexual Offences,Other Sexual Offences,Greenwich,44,66,42,55,46,53,40,45,46,42,26,33,45,41,49,61,44,51,38,51,45,50,29,37
Sexual Offences,Rape,Greenwich,29,37,42,31,27,34,27,22,41,33,30,30,34,27,28,45,35,32,27,18,32,21,33,31
Theft,Bicycle Theft,Greenwich,43,33,38,54,52,35,38,29,21,23,13,21,30,11,17,28,36,15,13,33,15,18,22,23
Theft,Other Theft,Greenwich,251,281,237,273,273,277,275,232,291,269,319,331,271,303,278,274,281,277,254,239,279,268,276,248
Theft,Shoplifting,Greenwich,90,89,101,113,127,98,100,113,101,97,88,135,121,173,170,206,209,183,141,173,152,167,172,181
Theft,Theft from Person,Greenwich,51,56,43,47,55,75,42,42,86,118,72,62,56,67,79,100,77,85,71,80,87,86,99,66
Vehicle Offences,Aggravated Vehicle Taking,Greenwich,5,3,4,1,5,3,1,5,3,7,1,7,4,6,0,2,5,3,3,2,2,2,5,3
Vehicle Offences,Interfering with a Motor Vehicle,Greenwich,21,35,25,27,35,44,57,52,24,17,20,21,33,33,24,24,28,26,31,25,33,33,47,39
Vehicle Offences,Theft from a Motor Vehicle,Greenwich,119,158,109,116,146,140,175,188,145,142,106,124,144,111,84,105,101,105,126,123,164,120,120,144
Vehicle Offences,Theft or Taking of a Motor Vehicle,Greenwich,70,83,99,95,127,129,135,86,97,118,92,122,93,108,91,96,92,105,80,109,110,134,107,120
Violence Against the Person,Homicide,Greenwich,2,0,0,0,0,0,0,1,0,2,0,0,1,0,0,0,0,0,0,0,0,1,0,0
Violence Against the Person,Violence with Injury,Greenwich,230,273,276,317,278,283,211,256,296,261,234,235,233,279,275,302,340,297,243,285,259,258,264,235
Violence Against the Person,Violence without Injury,Greenwich,498,588,513,567,562,571,505,494,472,511,461,466,487,606,564,579,623,579,492,556,553,525,525,553
Arson and Criminal Damage,Arson,Hackney,5,10,0,4,2,6,8,8,2,1,3,8,3,2,5,3,9,1,6,8,11,4,7,1
Arson and Criminal Damage,Criminal Damage,Hackney,138,138,130,173,145,148,140,123,143,166,138,158,137,161,138,140,158,166,143,146,169,135,137,154
Burglary,Burglary Business and Community,Hackney,53,51,60,69,58,52,43,46,60,48,55,65,63,77,63,44,59,44,51,74,70,66,86,84
Burglary,Domestic Burglary,Hackney,125,127,116,171,120,109,120,142,134,132,160,134,127,164,138,155,166,149,143,157,140,103,147,159
Drug Offences,Drug Trafficking,Hackney,30,37,30,45,56,60,35,34,31,49,43,32,37,49,41,49,65,43,43,35,37,32,25,28
Drug Offences,Possession of Drugs,Hackney,93,104,97,113,134,94,116,92,79,95,62,67,61,81,60,60,60,95,79,58,49,61,35,55
Miscellaneous Crimes Against Society,Absconding from Lawful Custody,Hackney,0,0,0,0,0,0,0,0,0,0,0,0,0,0,0,2,0,0,0,0,0,0,1,0
Miscellaneous Crimes Against Society,Bail Offences,Hackney,0,0,0,0,0,0,0,0,0,0,0,0,0,0,0,0,0,0,1,0,1,0,0,0
Miscellaneous Crimes Against Society,Dangerous Driving,Hackney,0,1,3,1,1,0,2,1,2,2,2,5,1,2,0,1,1,0,0,0,0,0,0,2
Miscellaneous Crimes Against Society,"Disclosure, Obstruction, False or Misleading State",Hackney,0,0,0,0,0,0,0,0,0,1,0,1,0,0,0,0,0,0,0,0,0,0,0,0
Miscellaneous Crimes Against Society,Exploitation of Prostitution,Hackney,0,0,0,0,0,0,0,0,0,0,0,0,0,0,0,0,1,0,0,0,0,0,0,0
Miscellaneous Crimes Against Society,Forgery or Use of Drug Prescription,Hackney,0,0,1,0,0,0,0,0,0,0,0,1,1,1,0,0,1,0,0,0,0,0,0,0
Miscellaneous Crimes Against Society,Fraud or Forgery Associated with Driver Records,Hackney,1,0,0,0,0,0,0,0,0,0,0,0,0,1,0,0,0,0,0,0,1,1,0,0
Miscellaneous Crimes Against Society,Going Equipped for Stealing,Hackney,0,0,0,3,2,1,0,0,1,3,0,2,1,1,1,0,0,0,1,0,0,3,1,1
Miscellaneous Crimes Against Society,Handling Stolen Goods,Hackney,2,5,5,5,5,2,5,1,3,1,2,1,0,2,2,4,1,2,0,1,3,2,1,2
Miscellaneous Crimes Against Society,"Making, Supplying or Possessing Articles for use i",Hackney,0,1,0,1,0,0,1,1,0,1,1,0,2,1,0,0,0,2,0,0,0,3,0,1
Miscellaneous Crimes Against Society,Obscene Publications,Hackney,7,10,12,8,7,9,13,10,8,2,6,10,9,5,7,7,5,9,13,4,14,13,6,6
Miscellaneous Crimes Against Society,Offender Management Act,Hackney,0,0,0,0,0,0,0,0,3,0,0,0,0,0,0,0,0,0,0,1,0,1,2,0
Miscellaneous Crimes Against Society,Other Forgery,Hackney,1,3,2,2,3,2,1,0,0,0,2,1,1,0,1,0,0,1,0,0,0,0,1,0
Miscellaneous Crimes Against Society,Other Notifiable Offences,Hackney,0,4,0,1,0,1,1,0,5,2,0,0,1,2,2,1,1,1,0,0,1,2,2,3
Miscellaneous Crimes Against Society,Perverting Course of Justice,Hackney,4,2,1,0,0,2,4,1,1,0,1,2,2,4,0,5,2,0,1,0,2,0,0,1
Miscellaneous Crimes Against Society,Possession of False Documents,Hackney,0,1,1,0,0,0,0,0,0,0,0,0,0,0,0,0,1,1,0,0,1,0,1,0
Miscellaneous Crimes Against Society,Profitting From or Concealing Proceeds of Crime,Hackney,1,2,2,4,1,4,4,2,2,5,1,1,4,1,0,2,1,0,1,0,0,1,0,0
Miscellaneous Crimes Against Society,Threat or Possession With Intent to Commit Crimina,Hackney,6,8,7,3,3,8,3,4,5,3,7,6,5,4,6,2,7,1,2,6,7,8,4,6
Possession of Weapons,Other Firearm Offences,Hackney,1,0,2,2,0,0,1,0,2,2,0,3,2,3,3,2,1,3,4,0,2,1,0,7
Possession of Weapons,Possession of Article with Blade or Point,Hackney,5,9,15,8,12,11,7,7,7,7,6,4,5,10,16,8,11,12,7,3,6,4,0,5
Possession of Weapons,Possession of Firearm with Intent,Hackney,1,2,2,1,1,2,3,0,2,1,1,0,0,1,0,3,2,0,0,1,0,1,0,1
Possession of Weapons,Possession of Firearms Offences,Hackney,1,5,2,5,1,0,2,3,1,1,2,3,2,1,1,1,4,2,3,5,2,2,4,3
Possession of Weapons,Possession of Other Weapon,Hackney,9,5,13,4,10,13,5,3,9,10,3,4,9,7,12,8,15,10,7,10,3,5,10,4
Public Order Offences,"Other Offences Against the State, or Public Order",Hackney,11,26,22,18,23,23,25,23,21,11,13,21,17,9,12,16,30,25,22,24,19,20,15,21
Public Order Offences,Public Fear Alarm or Distress,Hackney,102,105,112,146,165,151,123,114,129,117,87,97,105,139,108,147,164,154,136,140,161,133,97,109
Public Order Offences,"Racially or Religiously Aggravated Public Fear, Al",Hackney,28,34,47,41,38,46,39,19,32,31,25,24,25,48,30,44,33,50,28,40,58,60,48,39
Public Order Offences,Violent Disorder,Hackney,0,1,0,1,0,1,0,0,0,0,1,0,0,2,0,0,0,0,0,0,0,0,0,0
Robbery,Robbery of Business Property,Hackney,5,11,4,5,4,8,1,2,16,5,10,5,10,9,12,10,10,8,13,21,33,13,20,25
Robbery,Robbery of Personal Property,Hackney,114,129,133,143,107,125,95,108,125,91,90,122,131,110,117,117,128,136,127,119,108,121,98,133
Sexual Offences,Other Sexual Offences,Hackney,65,41,60,67,80,56,71,54,61,51,28,55,43,53,34,50,59,49,49,40,41,43,48,57
Sexual Offences,Rape,Hackney,17,21,14,31,24,34,25,26,26,20,16,23,19,29,22,26,15,21,24,21,23,18,24,14
Theft,Bicycle Theft,Hackney,76,90,118,150,171,129,138,136,162,142,67,95,126,120,117,145,152,141,109,113,110,107,77,102
Theft,Other Theft,Hackney,323,359,298,323,333,340,346,316,363,379,384,321,331,383,349,342,360,375,363,364,363,397,383,383
Theft,Shoplifting,Hackney,77,77,66,69,57,65,66,70,92,57,57,50,60,75,75,81,98,86,82,98,157,118,107,146
Theft,Theft from Person,Hackney,200,300,242,329,239,295,215,219,338,300,220,246,251,270,301,289,243,263,295,262,314,355,377,359
Vehicle Offences,Aggravated Vehicle Taking,Hackney,1,0,0,3,0,3,3,0,1,2,1,0,2,2,1,0,1,1,1,2,1,0,0,1
Vehicle Offences,Interfering with a Motor Vehicle,Hackney,36,22,30,40,26,20,23,21,23,24,10,22,21,27,23,38,13,25,11,17,26,17,20,26
Vehicle Offences,Theft from a Motor Vehicle,Hackney,132,138,161,146,161,149,160,155,158,160,144,178,122,139,105,174,170,104,114,115,176,135,152,147
Vehicle Offences,Theft or Taking of a Motor Vehicle,Hackney,73,120,94,125,98,88,82,66,69,73,66,72,58,69,64,57,55,58,44,45,54,51,40,48
Violence Against the Person,Homicide,Hackney,0,0,0,0,0,0,0,0,0,0,1,0,0,0,0,1,0,0,0,0,0,0,3,1
Violence Against the Person,Violence with Injury,Hackney,209,223,221,260,213,281,285,226,243,210,210,215,196,213,209,247,270,243,252,252,227,235,229,203
Violence Against the Person,Violence without Injury,Hackney,413,435,438,548,494,474,467,415,487,522,419,456,411,517,400,445,565,553,517,537,521,491,530,513
Arson and Criminal Damage,Arson,Hammersmith and Fulham,3,2,4,6,7,4,4,6,6,3,1,3,2,2,2,1,3,4,3,11,3,0,2,2
Arson and Criminal Damage,Criminal Damage,Hammersmith and Fulham,89,104,110,102,108,89,110,86,123,101,105,93,98,123,116,115,121,118,115,119,126,106,92,110
Burglary,Burglary Business and Community,Hammersmith and Fulham,28,27,25,32,39,44,34,38,27,28,35,54,48,45,57,44,43,44,45,45,49,33,26,34
Burglary,Domestic Burglary,Hammersmith and Fulham,74,81,72,48,74,95,86,68,65,73,62,66,57,68,74,57,64,93,88,73,87,46,107,89
Drug Offences,Drug Trafficking,Hammersmith and Fulham,16,6,13,3,6,31,12,8,15,17,12,11,20,17,8,21,17,11,17,10,9,19,11,16
Drug Offences,Possession of Drugs,Hammersmith and Fulham,39,67,62,86,42,53,75,90,76,56,46,95,57,62,69,80,56,65,94,57,45,72,54,60
Miscellaneous Crimes Against Society,Absconding from Lawful Custody,Hammersmith and Fulham,0,0,0,0,0,0,0,0,1,0,0,0,0,0,0,0,0,0,0,0,0,1,0,0
Miscellaneous Crimes Against Society,Bail Offences,Hammersmith and Fulham,0,0,0,1,0,0,0,0,0,0,0,0,0,0,0,0,0,0,0,0,0,0,0,0
Miscellaneous Crimes Against Society,Bigamy,Hammersmith and Fulham,0,0,0,0,0,0,0,0,0,0,0,0,0,0,0,0,1,0,0,0,0,0,0,0
Miscellaneous Crimes Against Society,Dangerous Driving,Hammersmith and Fulham,1,1,1,0,1,1,0,1,0,0,0,1,1,1,1,1,0,0,2,2,0,1,1,0
Miscellaneous Crimes Against Society,"Disclosure, Obstruction, False or Misleading State",Hammersmith and Fulham,0,0,0,1,0,0,0,0,0,1,0,0,0,0,0,0,0,0,0,0,0,0,0,0
Miscellaneous Crimes Against Society,Fraud or Forgery Associated with Driver Records,Hammersmith and Fulham,0,0,0,0,0,0,0,1,0,1,0,1,0,0,0,0,1,0,0,0,0,0,0,0
Miscellaneous Crimes Against Society,Going Equipped for Stealing,Hammersmith and Fulham,4,0,0,3,3,2,1,1,1,1,1,0,0,0,3,3,3,0,2,1,1,1,0,1
Miscellaneous Crimes Against Society,Handling Stolen Goods,Hammersmith and Fulham,1,1,1,0,1,4,2,1,0,3,2,1,0,2,1,2,1,1,1,2,1,1,1,2
Miscellaneous Crimes Against Society,"Making, Supplying or Possessing Articles for use i",Hammersmith and Fulham,0,2,2,4,4,0,0,0,2,1,0,0,0,2,0,0,0,1,1,1,0,2,0,0
Miscellaneous Crimes Against Society,Obscene Publications,Hammersmith and Fulham,4,3,6,7,2,3,3,1,4,1,2,2,6,10,4,7,5,6,3,3,3,9,5,3
Miscellaneous Crimes Against Society,Offender Management Act,Hammersmith and Fulham,2,0,2,1,1,0,1,1,1,3,3,3,3,1,2,1,1,1,0,1,2,2,1,1
Miscellaneous Crimes Against Society,Other Forgery,Hammersmith and Fulham,0,1,4,2,0,1,0,2,1,1,0,2,1,0,1,3,6,2,0,4,1,0,1,3
Miscellaneous Crimes Against Society,Other Notifiable Offences,Hammersmith and Fulham,0,2,0,0,0,0,0,0,0,0,0,1,2,1,0,1,2,2,1,1,0,1,0,0
Miscellaneous Crimes Against Society,Perjury,Hammersmith and Fulham,0,0,0,0,0,0,0,0,0,0,0,0,0,0,0,0,0,0,1,0,0,0,1,0
Miscellaneous Crimes Against Society,Perverting Course of Justice,Hammersmith and Fulham,1,0,1,1,1,1,2,0,0,0,2,1,0,1,1,0,2,1,2,1,1,0,1,1
Miscellaneous Crimes Against Society,Possession of False Documents,Hammersmith and Fulham,0,1,0,1,0,0,0,0,0,0,0,0,1,1,0,0,0,0,0,0,0,0,0,2
Miscellaneous Crimes Against Society,Profitting From or Concealing Proceeds of Crime,Hammersmith and Fulham,5,0,0,0,0,1,1,2,0,1,0,2,1,0,0,1,0,0,0,0,0,0,0,0
Miscellaneous Crimes Against Society,Threat or Possession With Intent to Commit Crimina,Hammersmith and Fulham,4,5,5,3,1,4,6,1,5,3,6,3,1,5,4,3,6,5,5,2,5,3,3,2
Possession of Weapons,Other Firearm Offences,Hammersmith and Fulham,2,1,2,0,0,0,2,0,1,1,4,1,2,1,2,0,2,1,1,0,0,0,1,1
Possession of Weapons,Possession of Article with Blade or Point,Hammersmith and Fulham,5,3,5,5,6,3,10,8,8,2,5,8,2,7,9,5,0,5,4,7,3,3,0,2
Possession of Weapons,Possession of Firearm with Intent,Hammersmith and Fulham,1,0,0,0,0,0,3,1,0,0,0,1,0,0,0,1,0,1,0,0,1,0,0,1
Possession of Weapons,Possession of Firearms Offences,Hammersmith and Fulham,1,1,0,0,0,0,0,0,1,0,0,0,1,1,0,2,0,1,0,1,1,1,0,1
Possession of Weapons,Possession of Other Weapon,Hammersmith and Fulham,5,4,9,4,6,5,6,10,1,2,3,6,9,7,2,8,6,3,1,3,2,6,5,1
Public Order Offences,"Other Offences Against the State, or Public Order",Hammersmith and Fulham,6,12,15,5,10,11,6,11,10,11,4,6,7,14,6,9,8,12,10,8,10,4,12,10
Public Order Offences,Public Fear Alarm or Distress,Hammersmith and Fulham,84,109,91,111,87,112,94,82,110,98,90,67,79,95,109,105,111,115,116,119,113,114,106,78
Public Order Offences,"Racially or Religiously Aggravated Public Fear, Al",Hammersmith and Fulham,28,26,29,19,24,30,21,30,21,23,32,16,38,23,15,25,27,30,22,32,34,33,39,39
Public Order Offences,Violent Disorder,Hammersmith and Fulham,0,0,0,0,0,0,0,0,0,0,0,0,0,0,1,0,0,0,0,0,0,0,0,3
Robbery,Robbery of Business Property,Hammersmith and Fulham,6,6,4,4,4,11,6,7,6,12,3,5,9,11,3,11,3,12,7,6,5,8,13,10
Robbery,Robbery of Personal Property,Hammersmith and Fulham,29,22,26,37,37,49,36,47,46,44,39,51,50,70,35,36,42,42,37,52,63,58,62,64
Sexual Offences,Other Sexual Offences,Hammersmith and Fulham,32,33,52,29,32,35,36,23,32,33,29,23,30,30,29,39,30,28,26,30,36,39,24,25
Sexual Offences,Rape,Hammersmith and Fulham,12,24,22,16,18,21,18,22,17,12,17,17,19,10,18,16,14,18,17,10,15,18,11,13
Theft,Bicycle Theft,Hammersmith and Fulham,54,72,79,99,99,96,127,111,123,73,43,38,47,66,84,126,134,93,93,137,130,66,40,49
Theft,Other Theft,Hammersmith and Fulham,229,254,243,265,257,273,287,276,262,268,277,233,257,270,293,295,327,276,290,302,325,321,293,274
Theft,Shoplifting,Hammersmith and Fulham,85,83,100,94,106,66,95,86,101,82,80,90,119,131,101,150,110,138,134,118,137,125,122,131
Theft,Theft from Person,Hammersmith and Fulham,96,86,88,70,77,58,60,70,68,66,64,68,69,80,96,80,91,79,72,50,80,112,115,116
Vehicle Offences,Aggravated Vehicle Taking,Hammersmith and Fulham,0,1,1,1,0,2,2,0,1,1,2,2,0,0,2,1,1,0,2,0,0,1,0,2
Vehicle Offences,Interfering with a Motor Vehicle,Hammersmith and Fulham,21,30,26,28,18,16,18,17,16,19,8,18,19,25,22,21,14,27,18,20,21,22,15,17
Vehicle Offences,Theft from a Motor Vehicle,Hammersmith and Fulham,134,149,185,159,203,194,227,205,201,169,149,187,173,270,213,205,172,175,156,166,207,210,143,160
Vehicle Offences,Theft or Taking of a Motor Vehicle,Hammersmith and Fulham,35,51,55,44,62,53,46,59,64,63,58,56,48,56,55,61,59,53,65,62,69,49,46,63
Violence Against the Person,Homicide,Hammersmith and Fulham,1,0,0,0,0,0,0,0,0,0,0,0,0,0,0,0,1,0,0,0,0,0,0,0
Violence Against the Person,Violence with Injury,Hammersmith and Fulham,154,153,163,155,176,167,174,142,154,156,130,137,131,153,157,174,184,159,160,173,171,140,169,181
Violence Against the Person,Violence without Injury,Hammersmith and Fulham,297,333,329,347,286,328,308,289,294,278,270,331,282,336,304,368,338,384,320,346,356,328,329,323
Arson and Criminal Damage,Arson,Haringey,1,3,0,7,2,5,4,5,4,5,4,3,4,3,3,5,9,6,12,14,8,7,8,8
Arson and Criminal Damage,Criminal Damage,Haringey,139,126,128,151,133,150,129,143,115,132,112,144,125,159,120,137,165,159,154,146,174,140,143,149
Burglary,Burglary Business and Community,Haringey,49,38,25,45,36,36,38,34,28,38,44,37,38,43,37,52,30,25,47,47,45,45,32,49
Burglary,Domestic Burglary,Haringey,89,119,104,122,96,112,127,102,113,133,126,140,125,101,106,92,115,121,93,84,109,119,118,114
Drug Offences,Drug Trafficking,Haringey,24,30,19,36,47,25,29,38,35,42,47,59,34,48,25,37,75,75,52,44,38,39,30,56
Drug Offences,Possession of Drugs,Haringey,100,93,103,85,104,112,106,102,135,87,101,166,121,95,85,85,57,131,97,85,78,57,76,70
Miscellaneous Crimes Against Society,Absconding from Lawful Custody,Haringey,0,1,0,0,0,0,0,0,0,0,0,0,0,0,1,0,0,0,0,0,0,0,0,0
Miscellaneous Crimes Against Society,Bail Offences,Haringey,0,0,0,0,0,0,0,0,0,0,0,0,0,0,3,0,0,0,1,0,0,0,0,0
Miscellaneous Crimes Against Society,Bigamy,Haringey,0,0,0,0,1,0,0,0,0,0,0,0,0,0,0,0,0,0,0,0,0,0,0,0
Miscellaneous Crimes Against Society,Dangerous Driving,Haringey,0,1,3,0,1,0,0,1,1,2,0,0,0,0,1,0,0,3,1,0,0,0,0,1
Miscellaneous Crimes Against Society,"Disclosure, Obstruction, False or Misleading State",Haringey,0,0,0,0,0,0,0,0,0,0,0,0,0,0,0,0,0,0,0,0,1,0,0,0
Miscellaneous Crimes Against Society,Exploitation of Prostitution,Haringey,0,0,0,0,0,0,0,0,0,0,0,0,0,0,2,0,0,0,0,0,0,0,0,0
Miscellaneous Crimes Against Society,Fraud or Forgery Associated with Driver Records,Haringey,0,0,0,0,0,0,0,0,0,0,0,0,0,0,0,0,0,0,0,0,0,0,2,1
Miscellaneous Crimes Against Society,Going Equipped for Stealing,Haringey,1,1,0,1,0,0,0,1,2,0,0,2,1,0,1,2,0,0,0,1,2,1,0,0
Miscellaneous Crimes Against Society,Handling Stolen Goods,Haringey,2,1,1,1,3,0,0,2,1,2,2,4,1,3,1,2,2,2,3,2,1,1,0,1
Miscellaneous Crimes Against Society,"Making, Supplying or Possessing Articles for use i",Haringey,3,1,1,0,1,2,1,0,2,0,0,1,1,3,0,0,1,4,3,0,2,0,2,2
Miscellaneous Crimes Against Society,Obscene Publications,Haringey,7,12,6,12,8,23,10,9,7,10,8,16,11,9,8,10,7,12,7,7,10,7,4,6
Miscellaneous Crimes Against Society,Other Forgery,Haringey,5,2,4,3,0,2,1,0,1,2,0,2,1,3,1,1,0,1,3,0,0,0,0,4
Miscellaneous Crimes Against Society,Other Notifiable Offences,Haringey,2,2,3,3,0,4,0,1,2,1,1,0,0,0,4,2,1,2,1,0,1,2,0,2
Miscellaneous Crimes Against Society,Perverting Course of Justice,Haringey,3,4,0,3,4,3,1,3,0,0,0,3,2,2,1,3,1,2,2,2,2,2,0,1
Miscellaneous Crimes Against Society,Possession of False Documents,Haringey,1,0,0,0,0,0,0,0,0,0,0,1,3,0,0,0,1,1,1,1,0,1,3,0
Miscellaneous Crimes Against Society,Profitting From or Concealing Proceeds of Crime,Haringey,2,4,0,1,4,3,2,3,1,4,0,5,0,1,1,2,0,0,0,0,0,1,1,1
Miscellaneous Crimes Against Society,Soliciting for Prostitution,Haringey,0,2,4,0,1,0,0,0,0,1,0,1,3,1,0,1,5,2,6,0,0,0,0,0
Miscellaneous Crimes Against Society,Threat or Possession With Intent to Commit Crimina,Haringey,7,8,5,4,6,5,6,6,3,5,2,9,6,5,8,6,6,8,2,6,3,5,2,7
Possession of Weapons,Other Firearm Offences,Haringey,0,3,4,1,1,0,1,1,6,1,0,2,1,5,2,0,2,1,2,0,1,2,1,3
Possession of Weapons,Other Knife Offences,Haringey,0,0,0,0,0,0,0,0,0,0,0,0,0,1,0,0,0,0,0,0,0,0,0,0
Possession of Weapons,Possession of Article with Blade or Point,Haringey,8,11,6,5,11,14,8,9,13,6,3,9,4,9,6,8,6,7,7,7,5,6,1,5
Possession of Weapons,Possession of Firearm with Intent,Haringey,1,0,2,0,0,2,2,1,1,0,3,2,3,3,1,1,0,1,1,2,2,0,1,0
Possession of Weapons,Possession of Firearms Offences,Haringey,1,0,3,0,3,1,0,0,0,2,0,1,1,1,2,1,1,1,0,3,1,1,1,1
Possession of Weapons,Possession of Other Weapon,Haringey,11,11,6,3,8,6,9,7,8,13,5,14,11,17,7,15,6,17,12,6,3,9,5,7
Public Order Offences,"Other Offences Against the State, or Public Order",Haringey,20,16,16,20,24,15,15,24,14,11,9,17,18,26,8,15,22,16,27,19,18,19,15,20
Public Order Offences,Public Fear Alarm or Distress,Haringey,117,111,119,136,114,109,114,100,102,120,90,99,90,129,99,118,126,135,106,110,92,95,86,75
Public Order Offences,"Racially or Religiously Aggravated Public Fear, Al",Haringey,36,36,38,31,54,40,36,24,37,26,26,26,24,39,28,40,32,43,27,56,43,29,43,23
Public Order Offences,Violent Disorder,Haringey,1,1,0,0,0,0,0,0,1,0,0,1,0,0,0,0,0,0,0,1,0,0,0,1
Robbery,Robbery of Business Property,Haringey,8,8,3,21,6,2,3,7,13,8,7,11,7,10,12,16,9,8,5,8,8,10,8,16
Robbery,Robbery of Personal Property,Haringey,86,90,88,89,112,138,115,136,116,92,96,162,116,93,108,125,178,147,86,105,109,136,116,76
Sexual Offences,Other Sexual Offences,Haringey,32,46,41,45,47,57,41,48,39,35,42,28,35,49,48,55,54,51,30,47,36,40,35,29
Sexual Offences,Rape,Haringey,28,31,30,28,29,31,23,28,33,18,15,26,24,37,24,23,19,21,18,30,29,23,32,36
Theft,Bicycle Theft,Haringey,28,25,40,61,37,45,51,31,43,31,31,35,18,31,31,32,37,26,35,38,38,35,27,21
Theft,Other Theft,Haringey,233,258,238,246,271,305,233,306,288,303,315,255,253,286,274,296,318,316,278,273,303,307,312,255
Theft,Shoplifting,Haringey,81,74,79,79,74,102,118,94,91,83,94,163,159,315,262,158,156,148,152,142,135,103,86,94
Theft,Theft from Person,Haringey,140,166,160,150,145,164,149,140,177,173,157,126,142,206,159,168,196,212,178,158,199,237,224,210
Vehicle Offences,Aggravated Vehicle Taking,Haringey,1,1,1,3,2,2,1,2,2,1,2,0,0,2,2,1,3,0,4,1,1,1,0,4
Vehicle Offences,Interfering with a Motor Vehicle,Haringey,57,43,30,39,35,29,32,28,21,30,21,33,18,20,15,18,27,23,19,38,31,30,24,22
Vehicle Offences,Theft from a Motor Vehicle,Haringey,235,288,206,272,236,247,221,309,286,304,219,274,283,254,207,187,214,197,166,212,224,236,226,180
Vehicle Offences,Theft or Taking of a Motor Vehicle,Haringey,62,75,84,67,79,84,82,82,79,90,98,87,82,87,114,98,138,130,134,104,102,102,78,98
Violence Against the Person,Homicide,Haringey,0,0,0,0,1,1,0,0,1,0,0,0,0,1,1,0,0,3,0,1,0,0,0,1
Violence Against the Person,Violence with Injury,Haringey,179,201,253,268,280,261,213,228,211,225,183,224,191,205,204,240,239,266,220,254,219,219,189,194
Violence Against the Person,Violence without Injury,Haringey,461,450,442,513,450,444,453,435,467,437,409,413,405,493,436,496,467,497,427,483,522,442,437,464
Arson and Criminal Damage,Arson,Harrow,0,0,1,1,0,1,4,2,5,3,0,2,4,1,5,2,7,4,5,4,6,0,6,3
Arson and Criminal Damage,Criminal Damage,Harrow,76,89,95,103,93,83,93,72,90,81,94,73,77,80,80,92,87,86,68,83,93,81,84,94
Burglary,Burglary Business and Community,Harrow,21,18,17,25,24,11,24,23,18,12,14,19,12,19,12,11,20,15,21,13,20,27,24,28
Burglary,Domestic Burglary,Harrow,56,50,77,55,72,62,69,55,105,88,52,82,97,76,79,91,71,73,81,83,80,98,87,86
Drug Offences,Drug Trafficking,Harrow,15,15,7,13,12,17,18,8,12,16,21,22,16,23,15,19,36,26,20,14,9,12,11,14
Drug Offences,Possession of Drugs,Harrow,54,61,50,53,64,56,51,33,43,46,26,60,32,31,40,22,25,27,41,21,29,24,48,23
Miscellaneous Crimes Against Society,Absconding from Lawful Custody,Harrow,0,0,0,0,0,0,0,0,0,0,0,0,0,0,1,0,0,0,0,0,2,0,0,0
Miscellaneous Crimes Against Society,Bail Offences,Harrow,0,0,0,0,0,1,0,0,0,0,0,0,0,0,0,0,2,0,0,0,0,0,0,0
Miscellaneous Crimes Against Society,Bigamy,Harrow,0,0,0,0,0,0,0,0,0,0,0,0,0,0,0,1,0,0,0,0,0,0,0,0
Miscellaneous Crimes Against Society,Dangerous Driving,Harrow,0,1,0,0,1,0,0,0,1,2,1,1,0,2,0,1,1,2,0,0,1,0,3,0
Miscellaneous Crimes Against Society,"Disclosure, Obstruction, False or Misleading State",Harrow,0,0,0,0,0,0,0,0,0,0,1,0,0,0,0,1,0,0,0,0,0,0,0,0
Miscellaneous Crimes Against Society,Exploitation of Prostitution,Harrow,0,0,0,0,0,0,0,0,0,0,1,0,0,0,0,0,0,0,0,0,0,0,0,0
Miscellaneous Crimes Against Society,Forgery or Use of Drug Prescription,Harrow,1,0,0,0,0,0,0,0,0,0,0,0,2,0,0,0,0,0,0,0,0,0,0,0
Miscellaneous Crimes Against Society,Fraud or Forgery Associated with Driver Records,Harrow,0,0,0,0,0,0,0,0,0,2,1,1,0,0,0,0,4,0,0,0,1,0,0,0
Miscellaneous Crimes Against Society,Going Equipped for Stealing,Harrow,0,0,0,0,0,0,0,0,1,2,0,1,1,0,0,0,0,1,0,0,0,0,0,1
Miscellaneous Crimes Against Society,Handling Stolen Goods,Harrow,3,1,1,1,3,2,0,1,0,1,0,2,2,1,0,0,1,1,2,0,1,0,0,0
Miscellaneous Crimes Against Society,"Making, Supplying or Possessing Articles for use i",Harrow,1,2,1,0,0,0,0,0,0,1,0,1,1,1,2,1,1,1,0,2,0,1,1,1
Miscellaneous Crimes Against Society,Obscene Publications,Harrow,11,14,7,10,9,15,8,11,9,12,8,11,4,10,7,8,11,8,4,15,8,10,5,8
Miscellaneous Crimes Against Society,Offender Management Act,Harrow,0,0,0,0,1,0,0,0,0,0,0,0,0,0,0,0,0,0,0,0,0,0,0,0
Miscellaneous Crimes Against Society,Other Forgery,Harrow,0,2,1,0,0,1,0,1,0,1,0,5,0,1,2,1,0,0,2,1,1,0,0,0
Miscellaneous Crimes Against Society,Other Notifiable Offences,Harrow,0,1,2,3,4,2,1,2,1,1,2,0,0,1,1,1,1,1,0,0,1,1,0,3
Miscellaneous Crimes Against Society,Perjury,Harrow,0,0,0,0,1,0,0,0,0,0,0,0,0,0,0,0,0,0,0,0,0,0,0,0
Miscellaneous Crimes Against Society,Perverting Course of Justice,Harrow,1,1,1,4,1,2,0,1,1,3,1,0,0,1,0,1,3,1,1,8,0,3,2,2
Miscellaneous Crimes Against Society,Possession of False Documents,Harrow,1,1,0,1,0,0,0,0,1,0,0,0,2,1,1,1,0,0,0,0,0,1,0,0
Miscellaneous Crimes Against Society,Profitting From or Concealing Proceeds of Crime,Harrow,1,1,0,2,2,1,2,0,2,2,1,1,0,0,0,0,0,0,1,0,1,0,0,1
Miscellaneous Crimes Against Society,Soliciting for Prostitution,Harrow,0,0,0,0,0,1,0,0,0,0,0,0,0,0,0,0,0,0,0,0,0,0,0,0
Miscellaneous Crimes Against Society,Threat or Possession With Intent to Commit Crimina,Harrow,2,5,2,4,6,2,10,7,6,8,2,1,3,0,9,5,1,4,1,4,2,3,2,8
Possession of Weapons,Other Firearm Offences,Harrow,0,1,1,4,2,1,0,1,2,0,1,2,0,1,0,4,0,5,2,0,1,1,2,2
Possession of Weapons,Possession of Article with Blade or Point,Harrow,1,3,3,4,1,5,2,5,4,6,2,4,5,2,1,3,2,0,0,1,1,1,4,0
Possession of Weapons,Possession of Firearm with Intent,Harrow,0,0,0,0,1,2,1,1,0,0,0,0,0,1,0,1,1,0,1,0,0,1,0,1
Possession of Weapons,Possession of Firearms Offences,Harrow,0,2,0,2,0,1,0,3,1,2,0,3,0,0,1,0,0,1,2,0,0,1,1,1
Possession of Weapons,Possession of Other Weapon,Harrow,2,1,0,3,7,3,1,4,3,1,2,4,4,2,3,3,5,3,4,1,6,4,3,6
Public Order Offences,"Other Offences Against the State, or Public Order",Harrow,17,11,16,9,20,21,16,9,14,10,11,15,17,18,11,15,17,12,11,20,20,16,19,15
Public Order Offences,Public Fear Alarm or Distress,Harrow,38,58,49,72,81,68,76,54,56,57,39,56,62,55,47,72,77,87,60,78,56,45,51,57
Public Order Offences,"Racially or Religiously Aggravated Public Fear, Al",Harrow,18,20,12,12,22,27,17,20,22,15,8,14,12,16,25,20,29,19,13,9,22,21,17,22
Public Order Offences,Violent Disorder,Harrow,0,0,0,0,0,0,0,0,0,0,0,0,0,1,0,1,0,0,0,0,0,0,0,0
Robbery,Robbery of Business Property,Harrow,8,5,3,1,5,3,4,10,6,3,3,8,2,7,1,7,10,4,11,6,6,4,1,4
Robbery,Robbery of Personal Property,Harrow,25,37,21,35,29,28,36,22,59,33,29,20,37,26,35,32,35,25,27,29,46,36,31,43
Sexual Offences,Other Sexual Offences,Harrow,25,29,18,27,23,33,17,19,27,31,15,22,34,22,12,33,26,25,22,35,22,34,32,22
Sexual Offences,Rape,Harrow,16,10,16,9,16,30,22,23,20,24,24,20,14,11,25,17,23,13,6,22,18,13,7,5
Theft,Bicycle Theft,Harrow,6,6,7,7,5,8,18,14,6,7,4,2,14,5,2,10,12,15,8,6,11,7,13,1
Theft,Other Theft,Harrow,133,125,143,149,136,139,147,160,141,160,169,166,161,190,143,154,188,168,132,163,173,143,131,143
Theft,Shoplifting,Harrow,44,45,52,58,49,52,55,44,60,53,62,74,81,67,50,70,91,76,99,108,83,77,77,106
Theft,Theft from Person,Harrow,71,53,39,66,71,39,42,48,46,52,29,42,42,70,46,43,30,37,30,39,41,64,73,42
Vehicle Offences,Aggravated Vehicle Taking,Harrow,0,2,1,0,0,1,1,2,1,2,0,1,1,0,1,3,0,1,1,2,2,1,1,1
Vehicle Offences,Interfering with a Motor Vehicle,Harrow,25,23,27,28,21,16,29,19,29,28,20,30,34,31,28,19,31,33,25,15,34,35,33,27
Vehicle Offences,Theft from a Motor Vehicle,Harrow,115,162,133,121,109,121,112,139,163,136,137,130,138,158,140,114,102,113,144,124,131,118,118,109
Vehicle Offences,Theft or Taking of a Motor Vehicle,Harrow,45,65,39,42,41,39,39,56,71,81,40,53,50,62,52,64,58,47,54,61,52,76,65,53
Violence Against the Person,Homicide,Harrow,0,0,0,1,0,0,0,0,0,0,0,0,1,1,0,0,0,2,1,1,0,0,0,0
Violence Against the Person,Violence with Injury,Harrow,113,121,118,124,133,134,115,115,149,148,120,109,101,129,136,161,161,147,121,135,106,120,123,118
Violence Against the Person,Violence without Injury,Harrow,296,315,255,291,316,353,307,323,340,349,253,292,255,311,302,344,323,295,266,317,358,307,298,298
Arson and Criminal Damage,Arson,Havering,8,2,4,4,8,8,13,5,10,4,2,2,2,1,1,6,7,7,11,15,8,9,5,5
Arson and Criminal Damage,Criminal Damage,Havering,110,109,118,127,113,134,137,106,126,113,95,104,82,109,96,131,120,116,118,158,144,126,137,166
Burglary,Burglary Business and Community,Havering,21,28,19,31,29,29,22,29,31,18,17,31,31,25,25,33,29,15,18,31,39,35,34,36
Burglary,Domestic Burglary,Havering,74,97,74,67,53,48,73,58,68,75,63,63,53,61,49,35,54,78,73,99,113,79,111,90
Drug Offences,Drug Trafficking,Havering,16,15,8,9,14,18,16,8,11,24,15,17,19,26,16,17,30,19,25,36,15,21,13,13
Drug Offences,Possession of Drugs,Havering,82,72,56,86,63,70,70,60,65,67,77,107,78,122,72,45,75,97,66,71,67,44,49,47
Miscellaneous Crimes Against Society,Absconding from Lawful Custody,Havering,0,1,0,0,0,0,0,0,0,0,0,0,0,0,0,0,0,0,0,0,0,0,0,0
Miscellaneous Crimes Against Society,Bigamy,Havering,0,0,0,0,0,0,0,0,0,1,0,0,0,0,0,0,0,0,0,0,0,0,0,1
Miscellaneous Crimes Against Society,Concealing an Infant Death Close to Birth,Havering,0,0,0,0,0,0,0,0,0,0,0,0,0,0,0,0,0,0,1,0,0,0,0,0
Miscellaneous Crimes Against Society,Dangerous Driving,Havering,1,4,0,3,0,1,0,1,0,1,0,2,1,0,1,0,0,1,2,0,0,2,0,0
Miscellaneous Crimes Against Society,Exploitation of Prostitution,Havering,0,0,0,0,0,0,0,0,0,0,0,0,1,0,0,0,0,0,0,0,0,0,0,0
Miscellaneous Crimes Against Society,Forgery or Use of Drug Prescription,Havering,1,0,0,0,0,0,1,0,0,0,0,0,0,0,0,0,0,0,0,0,0,0,0,0
Miscellaneous Crimes Against Society,Fraud or Forgery Associated with Driver Records,Havering,0,0,0,0,0,0,0,0,0,0,0,0,0,0,0,1,1,0,0,0,0,1,0,0
Miscellaneous Crimes Against Society,Going Equipped for Stealing,Havering,2,0,1,0,0,0,0,0,1,1,0,0,0,0,0,0,0,1,1,0,1,1,0,3
Miscellaneous Crimes Against Society,Handling Stolen Goods,Havering,1,3,1,3,0,0,1,2,2,1,0,0,1,0,4,2,0,2,1,2,5,0,1,1
Miscellaneous Crimes Against Society,"Making, Supplying or Possessing Articles for use i",Havering,0,0,0,1,0,0,0,0,0,0,1,0,0,0,4,1,0,2,1,0,0,1,0,0
Miscellaneous Crimes Against Society,Obscene Publications,Havering,11,15,10,9,16,11,4,11,10,12,11,5,12,13,13,9,4,7,9,8,6,11,3,7
Miscellaneous Crimes Against Society,Other Forgery,Havering,2,0,0,0,0,1,0,0,1,0,1,0,0,0,4,0,1,0,1,0,1,1,2,0
Miscellaneous Crimes Against Society,Other Notifiable Offences,Havering,0,2,0,3,2,1,2,2,0,0,1,0,1,0,2,3,1,0,0,1,1,1,1,2
Miscellaneous Crimes Against Society,Perjury,Havering,0,0,0,0,0,0,0,0,0,0,0,0,0,0,0,0,0,0,0,0,0,0,1,0
Miscellaneous Crimes Against Society,Perverting Course of Justice,Havering,2,0,1,0,1,0,2,4,2,2,0,1,0,1,0,3,0,0,0,1,1,0,0,0
Miscellaneous Crimes Against Society,Possession of False Documents,Havering,0,0,0,1,0,0,0,0,0,0,0,0,0,1,0,0,0,0,2,0,0,0,0,1
Miscellaneous Crimes Against Society,Profitting From or Concealing Proceeds of Crime,Havering,2,1,0,2,3,0,2,0,0,3,0,1,2,2,0,0,0,2,1,1,0,1,0,1
Miscellaneous Crimes Against Society,Soliciting for Prostitution,Havering,0,0,0,0,0,0,0,0,0,0,0,0,0,0,1,0,0,0,0,0,0,0,0,0
Miscellaneous Crimes Against Society,Threat or Possession With Intent to Commit Crimina,Havering,7,7,11,10,7,5,7,5,6,9,8,6,6,8,15,4,7,8,7,8,10,9,7,5
Possession of Weapons,Other Firearm Offences,Havering,2,2,2,2,2,0,2,1,1,2,2,3,1,3,4,1,2,5,3,0,1,2,1,4
Possession of Weapons,Possession of Article with Blade or Point,Havering,5,4,10,6,7,7,3,2,9,8,5,7,1,11,5,6,8,7,8,6,7,7,6,3
Possession of Weapons,Possession of Firearm with Intent,Havering,0,0,1,0,0,0,0,0,1,0,0,0,2,0,1,2,1,0,1,0,4,0,0,0
Possession of Weapons,Possession of Firearms Offences,Havering,1,2,1,3,2,1,0,1,2,2,1,0,0,3,0,0,1,0,1,0,3,2,0,3
Possession of Weapons,Possession of Other Weapon,Havering,8,8,5,3,5,7,10,7,11,7,11,10,2,5,11,7,11,9,7,11,7,3,4,4
Public Order Offences,"Other Offences Against the State, or Public Order",Havering,12,9,9,23,14,19,13,14,15,11,13,13,13,11,14,13,11,15,13,17,5,15,11,9
Public Order Offences,Public Fear Alarm or Distress,Havering,68,86,65,91,89,79,96,80,71,72,59,74,82,69,69,90,124,86,82,102,108,102,66,55
Public Order Offences,"Racially or Religiously Aggravated Public Fear, Al",Havering,18,13,13,19,20,23,20,30,28,11,9,12,18,10,15,13,29,17,14,21,26,23,14,21
Robbery,Robbery of Business Property,Havering,3,7,6,3,1,3,3,2,8,8,5,4,3,10,9,10,5,6,6,10,7,15,11,13
Robbery,Robbery of Personal Property,Havering,23,16,19,26,30,21,34,29,25,27,30,28,36,26,38,36,33,25,23,26,35,41,47,52
Sexual Offences,Other Sexual Offences,Havering,28,41,28,58,39,41,43,27,31,26,23,26,33,33,23,27,36,36,28,30,23,27,29,26
Sexual Offences,Rape,Havering,19,10,28,14,13,21,17,21,7,15,8,16,15,14,18,18,15,17,15,20,24,14,21,13
Theft,Bicycle Theft,Havering,11,7,18,10,15,13,6,11,7,5,4,5,5,6,6,10,12,12,7,13,10,9,8,5
Theft,Other Theft,Havering,161,167,148,170,201,153,196,159,176,169,204,166,165,180,170,196,171,171,182,181,172,168,184,169
Theft,Shoplifting,Havering,90,142,124,137,121,81,68,79,99,95,81,142,134,168,152,157,167,184,221,157,210,199,134,182
Theft,Theft from Person,Havering,40,58,29,30,23,34,72,24,19,40,29,25,35,44,36,26,32,41,44,31,37,44,26,31
Vehicle Offences,Aggravated Vehicle Taking,Havering,0,2,3,3,2,5,0,2,0,3,1,1,0,1,1,6,4,2,0,4,1,6,4,0
Vehicle Offences,Interfering with a Motor Vehicle,Havering,24,34,37,33,46,46,31,29,25,42,28,58,54,56,31,36,26,32,32,30,65,36,27,38
Vehicle Offences,Theft from a Motor Vehicle,Havering,106,117,97,109,137,157,123,120,122,169,143,189,132,157,101,124,114,99,98,108,116,115,130,86
Vehicle Offences,Theft or Taking of a Motor Vehicle,Havering,98,84,96,122,103,91,88,111,118,119,108,134,98,123,111,113,88,107,99,110,113,104,80,106
Violence Against the Person,Homicide,Havering,0,0,0,0,0,0,0,0,0,0,0,0,0,0,0,1,0,0,0,0,0,0,0,0
Violence Against the Person,Violence with Injury,Havering,171,181,143,198,168,177,187,150,199,175,156,161,159,169,166,204,203,201,183,195,163,177,202,166
Violence Against the Person,Violence without Injury,Havering,287,335,357,373,376,363,368,361,332,372,315,355,340,351,393,363,430,392,361,340,405,385,342,377
Arson and Criminal Damage,Arson,Hillingdon,2,5,4,10,7,14,7,6,2,10,7,6,7,2,3,8,11,6,6,10,9,10,7,4
Arson and Criminal Damage,Criminal Damage,Hillingdon,131,141,135,156,147,122,146,145,130,134,134,137,164,160,149,176,193,156,165,167,174,171,140,199
Burglary,Burglary Business and Community,Hillingdon,20,36,21,22,19,14,32,26,42,34,29,24,27,18,31,40,27,38,35,33,32,38,45,19
Burglary,Domestic Burglary,Hillingdon,93,60,80,85,95,71,65,97,132,119,81,94,87,90,79,90,76,68,80,99,87,100,99,113
Drug Offences,Drug Trafficking,Hillingdon,14,31,9,19,23,21,21,14,23,24,21,31,23,18,18,21,34,31,30,26,26,27,27,23
Drug Offences,Possession of Drugs,Hillingdon,66,100,70,74,70,95,76,46,61,48,69,62,69,46,35,54,50,47,30,40,57,58,52,45
Miscellaneous Crimes Against Society,Absconding from Lawful Custody,Hillingdon,0,0,0,0,1,0,0,1,0,0,0,0,0,0,0,0,0,0,1,0,0,0,0,0
Miscellaneous Crimes Against Society,Bail Offences,Hillingdon,0,0,0,0,0,0,0,0,0,0,0,0,0,0,0,1,0,0,0,0,0,0,0,0
Miscellaneous Crimes Against Society,Dangerous Driving,Hillingdon,1,0,0,1,1,0,0,0,0,2,1,0,2,2,0,2,1,1,1,0,0,0,1,0
Miscellaneous Crimes Against Society,"Disclosure, Obstruction, False or Misleading State",Hillingdon,0,0,0,0,0,1,0,0,0,0,0,0,0,0,0,0,0,0,0,1,0,0,0,0
Miscellaneous Crimes Against Society,Exploitation of Prostitution,Hillingdon,0,0,0,0,0,0,0,0,0,0,0,2,0,0,0,0,0,0,0,0,0,0,0,0
Miscellaneous Crimes Against Society,Forgery or Use of Drug Prescription,Hillingdon,0,0,1,0,0,0,0,0,0,0,1,0,0,0,0,0,1,0,1,0,0,0,0,0
Miscellaneous Crimes Against Society,Fraud or Forgery Associated with Driver Records,Hillingdon,0,1,1,0,2,1,0,0,0,1,0,0,0,0,0,1,1,1,0,0,0,0,0,1
Miscellaneous Crimes Against Society,Going Equipped for Stealing,Hillingdon,1,2,0,0,2,3,0,0,0,0,2,1,1,1,0,2,1,0,0,0,0,0,0,0
Miscellaneous Crimes Against Society,Handling Stolen Goods,Hillingdon,0,2,1,0,0,0,2,0,1,0,2,2,0,1,0,0,0,0,0,1,0,0,0,0
Miscellaneous Crimes Against Society,"Making, Supplying or Possessing Articles for use i",Hillingdon,0,3,0,0,1,0,1,0,0,0,0,0,0,0,2,1,3,0,0,1,0,0,0,0
Miscellaneous Crimes Against Society,Obscene Publications,Hillingdon,11,7,2,9,6,8,9,7,14,10,9,16,20,18,8,7,9,10,14,12,7,9,9,12
Miscellaneous Crimes Against Society,Offender Management Act,Hillingdon,0,0,0,0,0,0,2,0,0,0,0,0,0,0,0,1,1,0,0,0,0,0,0,0
Miscellaneous Crimes Against Society,Other Forgery,Hillingdon,0,0,1,1,3,1,0,2,2,0,0,2,1,1,1,4,2,1,2,0,3,1,0,0
Miscellaneous Crimes Against Society,Other Notifiable Offences,Hillingdon,2,1,0,4,0,10,6,3,1,3,1,2,4,5,1,2,3,1,1,2,2,0,1,2
Miscellaneous Crimes Against Society,Perverting Course of Justice,Hillingdon,1,0,0,1,0,0,2,1,0,1,2,1,2,1,0,0,0,0,1,0,0,0,1,1
Miscellaneous Crimes Against Society,Possession of False Documents,Hillingdon,1,0,1,0,1,0,0,0,0,1,1,0,1,1,0,0,0,0,0,1,0,0,0,0
Miscellaneous Crimes Against Society,Profitting From or Concealing Proceeds of Crime,Hillingdon,1,2,0,2,2,2,2,0,3,0,3,1,3,1,3,0,2,0,2,0,1,3,3,1
Miscellaneous Crimes Against Society,Threat or Possession With Intent to Commit Crimina,Hillingdon,6,6,11,10,8,10,13,8,6,7,8,12,9,6,6,9,5,12,10,13,12,3,6,7
Possession of Weapons,Other Firearm Offences,Hillingdon,3,1,3,2,2,0,1,2,1,0,0,1,2,1,5,1,1,6,1,0,3,0,1,4
Possession of Weapons,Possession of Article with Blade or Point,Hillingdon,6,3,4,4,6,4,2,7,4,3,5,4,4,4,3,3,4,2,4,6,4,5,2,3
Possession of Weapons,Possession of Firearm with Intent,Hillingdon,0,1,1,1,1,0,0,0,1,0,0,0,0,0,0,2,0,2,0,1,0,0,2,0
Possession of Weapons,Possession of Firearms Offences,Hillingdon,0,0,0,0,0,1,1,0,0,0,1,1,0,1,1,1,1,1,0,0,0,1,1,0
Possession of Weapons,Possession of Other Weapon,Hillingdon,4,5,3,3,5,1,6,4,5,7,2,6,4,5,3,7,3,5,1,6,8,5,3,3
Public Order Offences,"Other Offences Against the State, or Public Order",Hillingdon,22,18,11,15,17,21,14,14,22,11,13,16,16,19,11,14,10,18,11,20,15,14,22,16
Public Order Offences,Public Fear Alarm or Distress,Hillingdon,99,121,96,142,120,113,134,101,125,108,98,118,92,113,98,146,123,151,132,133,120,83,108,107
Public Order Offences,"Racially or Religiously Aggravated Public Fear, Al",Hillingdon,26,24,27,36,28,35,38,20,27,21,22,31,17,32,23,33,37,27,28,28,37,31,24,15
Public Order Offences,Violent Disorder,Hillingdon,0,0,0,0,0,0,1,0,0,0,0,0,0,0,0,0,0,0,0,0,0,0,0,0
Robbery,Robbery of Business Property,Hillingdon,7,5,3,8,3,4,7,8,11,11,9,9,4,5,8,6,7,13,12,9,7,16,15,14
Robbery,Robbery of Personal Property,Hillingdon,30,26,32,20,44,28,36,24,32,28,32,36,33,35,27,47,33,24,30,29,40,28,40,39
Sexual Offences,Other Sexual Offences,Hillingdon,31,45,30,36,31,52,31,44,35,36,34,33,29,42,29,35,31,39,34,38,32,40,19,38
Sexual Offences,Rape,Hillingdon,22,21,18,17,13,26,26,32,18,13,20,26,26,20,19,20,22,20,7,15,17,21,13,17
Theft,Bicycle Theft,Hillingdon,10,12,15,13,22,13,22,25,34,20,7,14,15,21,21,22,21,22,30,30,32,20,13,12
Theft,Other Theft,Hillingdon,176,204,214,222,223,216,209,202,227,256,287,205,216,232,201,213,221,245,250,228,262,225,219,211
Theft,Shoplifting,Hillingdon,103,107,113,113,120,108,112,118,118,119,94,137,142,140,142,126,159,169,167,179,193,153,134,145
Theft,Theft from Person,Hillingdon,50,62,51,38,40,33,20,34,38,32,49,23,31,38,30,30,28,36,18,28,35,52,57,51
Vehicle Offences,Aggravated Vehicle Taking,Hillingdon,3,4,2,3,2,1,3,1,3,2,4,0,2,4,4,3,3,1,0,1,3,2,5,1
Vehicle Offences,Interfering with a Motor Vehicle,Hillingdon,39,49,40,55,26,20,51,51,43,50,40,35,46,44,24,32,43,41,55,58,58,70,60,61
Vehicle Offences,Theft from a Motor Vehicle,Hillingdon,192,225,157,164,186,154,196,215,266,225,179,209,210,200,176,164,218,184,238,252,285,254,244,276
Vehicle Offences,Theft or Taking of a Motor Vehicle,Hillingdon,66,71,66,64,56,66,82,83,115,117,95,82,78,77,62,82,80,71,67,72,73,78,74,91
Violence Against the Person,Homicide,Hillingdon,0,0,0,0,0,1,0,0,0,0,1,1,0,1,0,1,0,2,1,0,0,0,0,0
Violence Against the Person,Violence with Injury,Hillingdon,163,201,195,209,217,199,227,229,227,187,162,196,161,200,158,239,254,254,204,219,221,154,221,222
Violence Against the Person,Violence without Injury,Hillingdon,426,460,426,502,426,472,482,477,448,459,431,467,449,459,422,512,539,504,471,482,496,471,420,535
Arson and Criminal Damage,Arson,Hounslow,5,4,8,9,5,10,13,6,6,4,4,5,3,7,3,13,6,20,10,6,3,8,5,8
Arson and Criminal Damage,Criminal Damage,Hounslow,127,134,165,157,139,120,150,129,139,129,133,117,135,155,177,174,156,180,169,186,178,170,165,154
Burglary,Burglary Business and Community,Hounslow,29,36,22,28,34,30,51,48,33,32,27,33,29,40,41,59,45,46,48,44,50,33,64,53
Burglary,Domestic Burglary,Hounslow,83,97,98,103,69,66,86,110,125,121,96,116,101,112,92,99,114,89,114,152,105,142,131,129
Drug Offences,Drug Trafficking,Hounslow,18,20,23,24,21,21,19,13,19,27,31,21,21,33,35,35,30,23,32,39,26,46,23,30
Drug Offences,Possession of Drugs,Hounslow,85,89,81,76,79,70,70,72,69,74,48,59,48,76,54,47,60,49,59,53,43,40,40,53
Miscellaneous Crimes Against Society,Dangerous Driving,Hounslow,2,2,0,0,0,0,2,0,1,0,0,0,0,0,1,1,2,1,0,1,1,1,0,0
Miscellaneous Crimes Against Society,"Disclosure, Obstruction, False or Misleading State",Hounslow,0,0,0,0,0,0,0,0,0,0,0,0,0,0,0,0,0,0,1,0,0,0,0,1
Miscellaneous Crimes Against Society,Exploitation of Prostitution,Hounslow,0,0,0,0,0,0,0,0,0,0,0,1,1,0,0,0,0,0,0,0,0,0,0,0
Miscellaneous Crimes Against Society,Forgery or Use of Drug Prescription,Hounslow,0,0,0,0,0,0,0,0,0,0,0,0,0,1,0,0,0,0,1,0,0,1,0,1
Miscellaneous Crimes Against Society,Fraud or Forgery Associated with Driver Records,Hounslow,1,0,0,0,0,0,0,0,1,2,0,0,0,0,0,1,1,0,0,0,1,2,0,1
Miscellaneous Crimes Against Society,Going Equipped for Stealing,Hounslow,0,0,1,0,0,1,2,0,0,1,2,2,0,1,1,0,1,0,4,2,1,0,0,0
Miscellaneous Crimes Against Society,Handling Stolen Goods,Hounslow,0,1,0,1,0,0,1,1,2,0,0,0,0,1,1,1,1,1,4,0,0,0,2,0
Miscellaneous Crimes Against Society,"Making, Supplying or Possessing Articles for use i",Hounslow,0,1,0,0,0,1,1,0,1,0,0,1,0,0,0,0,2,2,1,3,1,0,0,0
Miscellaneous Crimes Against Society,Obscene Publications,Hounslow,12,14,12,24,15,10,7,11,8,7,9,14,13,8,7,5,6,5,5,12,14,5,8,5
Miscellaneous Crimes Against Society,Offender Management Act,Hounslow,3,1,3,0,0,6,0,0,1,1,2,1,3,1,1,0,6,3,1,4,1,2,6,5
Miscellaneous Crimes Against Society,Other Forgery,Hounslow,1,2,1,1,6,1,0,1,0,1,4,1,0,1,1,1,0,0,2,0,1,0,0,1
Miscellaneous Crimes Against Society,Other Notifiable Offences,Hounslow,2,5,3,2,1,4,1,4,0,6,2,1,4,2,4,4,2,2,2,3,1,1,2,3
Miscellaneous Crimes Against Society,Perjury,Hounslow,0,0,0,0,1,0,0,0,0,1,0,0,0,0,0,0,0,0,0,0,0,0,0,0
Miscellaneous Crimes Against Society,Perverting Course of Justice,Hounslow,1,1,2,1,1,2,2,2,1,2,1,1,1,2,1,1,4,1,1,1,2,0,3,3
Miscellaneous Crimes Against Society,Possession of False Documents,Hounslow,0,1,1,2,0,0,0,0,0,0,2,1,0,1,0,0,1,0,1,0,0,1,1,0
Miscellaneous Crimes Against Society,Profitting From or Concealing Proceeds of Crime,Hounslow,1,0,0,3,2,1,3,0,1,2,0,2,1,2,1,0,3,2,2,1,2,2,2,0
Miscellaneous Crimes Against Society,Soliciting for Prostitution,Hounslow,0,0,0,0,0,0,0,0,0,0,0,0,0,0,1,0,0,0,0,0,0,0,0,0
Miscellaneous Crimes Against Society,Threat or Possession With Intent to Commit Crimina,Hounslow,6,3,11,6,5,4,12,11,5,14,6,6,6,4,11,6,11,11,16,11,9,12,6,10
Possession of Weapons,Other Firearm Offences,Hounslow,1,0,1,2,0,1,0,0,1,0,1,0,0,1,4,1,2,5,1,2,3,0,2,4
Possession of Weapons,Possession of Article with Blade or Point,Hounslow,3,4,6,3,2,8,3,6,7,6,2,8,7,7,9,7,5,5,3,7,5,3,6,2
Possession of Weapons,Possession of Firearm with Intent,Hounslow,1,1,2,0,0,1,2,0,0,0,1,0,0,1,0,3,4,1,0,0,0,2,4,0
Possession of Weapons,Possession of Firearms Offences,Hounslow,2,4,1,0,0,1,1,2,1,0,0,0,4,2,0,1,0,1,0,3,0,0,1,0
Possession of Weapons,Possession of Other Weapon,Hounslow,5,7,3,6,17,8,10,1,6,6,3,11,3,6,1,5,12,5,9,9,4,3,3,3
Public Order Offences,"Other Offences Against the State, or Public Order",Hounslow,13,22,18,25,31,14,15,15,17,28,24,18,13,19,14,24,14,18,13,23,25,13,22,13
Public Order Offences,Public Fear Alarm or Distress,Hounslow,102,108,122,122,129,131,111,108,151,114,107,88,120,122,109,115,138,157,124,125,131,110,111,113
Public Order Offences,"Racially or Religiously Aggravated Public Fear, Al",Hounslow,31,27,17,40,25,39,31,30,24,29,23,30,18,27,23,34,18,38,44,33,37,28,27,17
Public Order Offences,Violent Disorder,Hounslow,0,1,0,0,1,0,0,0,0,0,0,0,0,0,0,0,0,0,0,0,0,0,0,2
Robbery,Robbery of Business Property,Hounslow,3,6,7,6,8,8,1,3,9,10,5,2,5,7,11,9,7,5,10,6,6,12,9,9
Robbery,Robbery of Personal Property,Hounslow,31,27,23,42,27,17,31,33,37,32,21,33,47,42,37,54,43,41,40,53,68,55,37,43
Sexual Offences,Other Sexual Offences,Hounslow,25,42,27,38,41,31,42,31,32,36,23,33,37,37,23,41,45,58,37,32,44,34,30,34
Sexual Offences,Rape,Hounslow,13,23,15,19,21,31,13,18,20,17,20,22,20,18,12,35,22,29,21,17,18,22,17,13
Theft,Bicycle Theft,Hounslow,39,49,48,78,79,57,77,84,62,50,30,39,42,43,50,63,64,65,54,57,64,29,31,29
Theft,Other Theft,Hounslow,215,224,252,228,261,270,269,238,238,276,264,255,240,259,241,235,251,269,273,276,287,259,219,209
Theft,Shoplifting,Hounslow,86,107,94,103,77,80,116,85,91,80,109,142,148,124,126,124,156,208,187,163,175,174,134,153
Theft,Theft from Person,Hounslow,36,49,39,37,52,47,43,49,49,56,53,29,41,61,27,50,42,46,62,52,54,65,58,47
Vehicle Offences,Aggravated Vehicle Taking,Hounslow,2,2,0,1,1,2,1,0,2,2,0,0,2,0,0,5,1,2,1,0,2,1,2,0
Vehicle Offences,Interfering with a Motor Vehicle,Hounslow,24,31,27,36,18,17,30,23,22,22,33,35,23,27,25,24,24,43,53,49,47,45,25,46
Vehicle Offences,Theft from a Motor Vehicle,Hounslow,174,183,179,192,166,198,219,187,195,178,172,190,181,213,179,190,188,196,211,222,289,283,182,197
Vehicle Offences,Theft or Taking of a Motor Vehicle,Hounslow,51,60,55,50,54,54,48,66,80,76,69,65,78,108,101,123,99,83,86,104,79,75,65,77
Violence Against the Person,Homicide,Hounslow,0,0,0,0,1,0,0,0,1,0,0,0,0,0,1,0,3,0,1,0,1,1,0,2
Violence Against the Person,Violence with Injury,Hounslow,203,208,179,221,221,205,179,192,249,236,161,195,172,208,200,244,257,249,238,257,215,217,235,220
Violence Against the Person,Violence without Injury,Hounslow,441,552,461,600,507,517,457,487,515,468,470,498,453,463,459,552,575,560,524,599,562,537,568,471
Arson and Criminal Damage,Arson,Islington,7,3,5,3,3,5,7,5,5,7,3,3,7,6,2,6,7,5,4,6,3,1,1,4
Arson and Criminal Damage,Criminal Damage,Islington,114,120,148,139,143,118,131,112,114,138,125,118,135,110,122,129,151,145,126,112,127,156,130,130
Burglary,Burglary Business and Community,Islington,43,37,30,56,37,47,50,55,62,58,67,38,58,63,78,51,57,66,59,56,60,75,52,48
Burglary,Domestic Burglary,Islington,85,111,87,102,105,98,82,90,117,96,104,128,111,93,91,84,100,100,126,114,85,96,90,98
Drug Offences,Drug Trafficking,Islington,20,24,23,24,22,34,30,20,27,25,33,28,19,26,31,32,29,22,24,45,24,26,20,25
Drug Offences,Possession of Drugs,Islington,95,66,63,102,77,98,93,52,71,63,42,85,63,100,54,84,77,86,59,65,83,65,73,64
Miscellaneous Crimes Against Society,Absconding from Lawful Custody,Islington,0,0,0,0,0,0,0,0,0,0,0,0,1,0,0,0,0,0,0,0,0,0,0,0
Miscellaneous Crimes Against Society,Dangerous Driving,Islington,1,2,2,1,1,2,1,0,1,1,0,4,2,0,0,0,1,0,0,0,1,1,0,1
Miscellaneous Crimes Against Society,Exploitation of Prostitution,Islington,0,0,0,0,0,0,0,0,0,0,1,0,0,0,0,0,0,0,0,0,0,0,0,0
Miscellaneous Crimes Against Society,Forgery or Use of Drug Prescription,Islington,0,0,0,1,0,0,0,0,1,0,0,0,0,0,0,0,1,0,0,0,0,0,0,0
Miscellaneous Crimes Against Society,Fraud or Forgery Associated with Driver Records,Islington,0,0,0,0,0,0,0,1,0,0,0,0,0,1,0,0,0,0,0,0,0,0,0,0
Miscellaneous Crimes Against Society,Going Equipped for Stealing,Islington,1,2,1,0,2,0,2,1,0,1,0,2,2,0,2,0,0,0,0,0,1,1,0,0
Miscellaneous Crimes Against Society,Handling Stolen Goods,Islington,2,2,1,2,0,3,4,3,3,1,0,3,1,1,2,2,3,3,2,2,2,4,1,1
Miscellaneous Crimes Against Society,"Making, Supplying or Possessing Articles for use i",Islington,0,1,0,0,0,0,0,0,1,0,1,1,1,1,1,0,0,0,0,1,2,1,2,1
Miscellaneous Crimes Against Society,Obscene Publications,Islington,6,5,3,6,5,4,5,3,6,1,7,6,7,9,3,7,4,5,8,6,3,3,12,8
Miscellaneous Crimes Against Society,Offender Management Act,Islington,0,1,1,3,8,12,9,2,18,8,31,10,6,24,19,25,17,4,8,9,23,9,7,2
Miscellaneous Crimes Against Society,Other Forgery,Islington,4,6,4,1,1,3,2,4,1,3,0,2,1,1,0,0,0,2,3,1,0,3,0,2
Miscellaneous Crimes Against Society,Other Notifiable Offences,Islington,0,0,1,1,1,0,1,1,1,0,0,1,0,0,0,0,2,0,0,1,2,2,0,2
Miscellaneous Crimes Against Society,Perjury,Islington,0,0,0,0,0,0,0,0,0,1,0,0,0,0,0,0,0,0,0,0,0,0,0,0
Miscellaneous Crimes Against Society,Perverting Course of Justice,Islington,1,1,0,0,1,3,1,2,1,1,0,1,3,2,3,2,0,1,0,1,1,0,1,4
Miscellaneous Crimes Against Society,Possession of False Documents,Islington,1,0,0,3,0,0,0,0,0,0,1,0,0,1,0,1,0,1,1,0,0,0,0,0
Miscellaneous Crimes Against Society,Profitting From or Concealing Proceeds of Crime,Islington,3,1,3,2,2,1,1,0,1,2,4,1,1,1,3,0,1,3,0,1,1,1,0,0
Miscellaneous Crimes Against Society,Threat or Possession With Intent to Commit Crimina,Islington,1,6,5,0,5,7,10,8,8,3,3,2,2,4,7,3,8,11,4,5,8,4,5,3
Possession of Weapons,Other Firearm Offences,Islington,0,0,1,1,0,1,0,1,0,4,0,1,0,0,0,2,2,0,3,1,1,2,1,2
Possession of Weapons,Possession of Article with Blade or Point,Islington,8,10,6,5,10,11,8,6,7,8,4,10,8,7,6,5,5,8,5,3,3,5,3,6
Possession of Weapons,Possession of Firearm with Intent,Islington,0,1,1,0,1,2,0,0,1,0,0,0,1,3,0,0,1,0,0,1,2,1,0,0
Possession of Weapons,Possession of Firearms Offences,Islington,0,1,1,0,0,1,0,1,0,2,1,0,1,1,1,1,1,1,5,0,1,0,0,0
Possession of Weapons,Possession of Other Weapon,Islington,3,6,6,6,4,18,11,6,6,6,8,9,11,5,11,11,13,9,16,11,12,5,11,3
Public Order Offences,"Other Offences Against the State, or Public Order",Islington,19,29,25,20,27,27,30,21,20,26,22,26,25,30,30,22,28,20,28,17,25,25,19,22
Public Order Offences,Public Fear Alarm or Distress,Islington,103,114,110,107,135,129,127,140,135,111,100,112,100,153,131,122,148,129,118,96,107,93,80,98
Public Order Offences,"Racially or Religiously Aggravated Public Fear, Al",Islington,33,41,32,48,32,39,38,28,32,29,35,25,25,35,39,26,37,23,29,28,23,22,33,21
Public Order Offences,Violent Disorder,Islington,1,0,0,0,0,0,0,0,0,0,1,0,0,0,0,2,0,0,0,0,0,0,0,1
Robbery,Robbery of Business Property,Islington,11,6,5,5,8,10,7,10,14,9,18,16,13,16,20,10,23,20,13,8,9,15,19,13
Robbery,Robbery of Personal Property,Islington,69,84,75,95,89,91,77,70,103,73,109,140,107,94,106,89,83,99,83,82,91,84,74,81
Sexual Offences,Other Sexual Offences,Islington,28,33,41,48,26,43,28,40,44,46,24,35,33,39,35,44,54,31,32,30,40,38,45,39
Sexual Offences,Rape,Islington,19,26,21,21,16,21,26,23,18,20,18,29,24,23,24,23,24,23,22,28,26,17,32,18
Theft,Bicycle Theft,Islington,62,85,108,99,121,84,96,98,87,74,37,47,55,74,52,56,69,69,76,70,81,56,35,46
Theft,Other Theft,Islington,328,341,307,368,278,357,317,322,374,378,382,359,312,403,361,486,433,405,372,387,460,442,391,418
Theft,Shoplifting,Islington,78,87,82,128,105,92,120,130,110,85,104,144,161,205,204,174,182,158,178,148,147,111,137,166
Theft,Theft from Person,Islington,238,300,190,275,212,252,229,229,339,254,197,236,194,215,241,247,184,215,214,215,215,270,229,248
Vehicle Offences,Aggravated Vehicle Taking,Islington,0,1,0,1,1,6,0,4,0,1,1,1,3,0,2,0,0,0,0,2,0,0,0,0
Vehicle Offences,Interfering with a Motor Vehicle,Islington,17,27,20,17,22,21,16,21,14,17,9,5,15,21,18,14,11,18,8,19,25,7,18,19
Vehicle Offences,Theft from a Motor Vehicle,Islington,119,136,187,184,154,121,133,138,161,152,102,137,102,146,145,129,123,120,131,140,173,116,117,117
Vehicle Offences,Theft or Taking of a Motor Vehicle,Islington,38,46,41,48,50,56,57,53,49,54,38,54,30,46,47,34,46,53,51,47,38,60,47,41
Violence Against the Person,Homicide,Islington,0,1,0,0,1,0,1,0,0,0,2,0,0,0,0,0,2,0,0,0,0,0,1,0
Violence Against the Person,Violence with Injury,Islington,199,227,212,192,174,202,224,214,199,197,175,178,181,200,191,198,218,228,203,209,188,190,182,164
Violence Against the Person,Violence without Injury,Islington,420,400,372,390,387,377,404,383,443,429,399,387,339,416,385,398,438,422,440,391,421,371,387,381
Arson and Criminal Damage,Arson,Kensington and Chelsea,3,1,4,1,2,2,1,0,4,3,0,2,2,2,0,0,1,2,2,2,3,2,1,2
Arson and Criminal Damage,Criminal Damage,Kensington and Chelsea,82,106,81,94,80,86,111,81,122,120,71,113,71,67,84,111,95,91,110,109,102,99,86,104
Burglary,Burglary Business and Community,Kensington and Chelsea,21,36,36,34,49,33,43,33,25,34,37,40,33,67,56,53,48,33,57,41,38,34,44,48
Burglary,Domestic Burglary,Kensington and Chelsea,73,80,69,56,62,80,90,90,81,90,84,111,91,65,80,84,83,84,85,75,93,68,87,75
Drug Offences,Drug Trafficking,Kensington and Chelsea,9,7,11,10,7,9,20,8,7,15,10,14,14,9,12,10,15,10,19,15,12,9,6,12
Drug Offences,Possession of Drugs,Kensington and Chelsea,67,63,35,51,42,74,142,70,75,39,46,75,36,35,36,48,36,41,210,55,68,40,30,34
Miscellaneous Crimes Against Society,Aiding Suicide,Kensington and Chelsea,0,0,0,0,0,0,0,0,0,0,0,0,0,1,0,0,0,0,0,0,0,0,0,0
Miscellaneous Crimes Against Society,Dangerous Driving,Kensington and Chelsea,2,0,0,1,0,0,1,1,2,0,1,0,0,3,0,1,0,0,1,2,0,0,0,0
Miscellaneous Crimes Against Society,Exploitation of Prostitution,Kensington and Chelsea,0,0,0,0,0,0,0,1,0,0,0,0,0,0,0,0,0,0,0,0,1,0,0,0
Miscellaneous Crimes Against Society,Forgery or Use of Drug Prescription,Kensington and Chelsea,0,0,0,0,0,0,0,0,0,1,1,0,0,2,1,0,0,1,0,0,0,0,0,0
Miscellaneous Crimes Against Society,Fraud or Forgery Associated with Driver Records,Kensington and Chelsea,0,0,0,0,0,1,0,0,0,0,0,0,0,0,0,0,0,0,0,0,0,0,0,0
Miscellaneous Crimes Against Society,Going Equipped for Stealing,Kensington and Chelsea,2,0,1,0,1,2,0,2,1,2,0,2,2,3,2,1,0,2,0,1,1,1,0,1
Miscellaneous Crimes Against Society,Handling Stolen Goods,Kensington and Chelsea,3,0,1,1,1,0,3,0,0,1,0,1,1,0,1,1,0,1,2,0,1,0,1,2
Miscellaneous Crimes Against Society,"Making, Supplying or Possessing Articles for use i",Kensington and Chelsea,2,1,5,0,2,1,1,1,2,3,0,4,1,0,0,2,0,3,3,3,1,1,0,0
Miscellaneous Crimes Against Society,Obscene Publications,Kensington and Chelsea,3,8,1,2,4,3,2,3,6,5,3,7,3,2,1,0,3,5,5,1,1,0,4,3
Miscellaneous Crimes Against Society,Other Forgery,Kensington and Chelsea,2,0,3,0,1,0,1,0,0,1,2,2,0,1,1,1,0,0,0,0,1,0,3,2
Miscellaneous Crimes Against Society,Other Notifiable Offences,Kensington and Chelsea,0,1,2,0,0,0,0,1,0,0,0,1,0,1,0,1,1,0,0,0,0,1,0,0
Miscellaneous Crimes Against Society,Perverting Course of Justice,Kensington and Chelsea,0,0,0,1,0,2,1,2,1,1,1,0,1,1,1,3,1,0,2,2,1,0,2,0
Miscellaneous Crimes Against Society,Possession of False Documents,Kensington and Chelsea,0,0,0,0,1,0,1,0,0,0,0,0,0,1,0,0,0,1,0,0,0,0,0,0
Miscellaneous Crimes Against Society,Profitting From or Concealing Proceeds of Crime,Kensington and Chelsea,0,1,1,1,1,0,5,1,2,3,0,1,2,0,2,0,0,0,0,0,0,0,0,0
Miscellaneous Crimes Against Society,Threat or Possession With Intent to Commit Crimina,Kensington and Chelsea,2,6,2,4,4,1,1,2,0,1,0,0,1,2,0,5,2,5,2,3,4,2,1,2
Possession of Weapons,Other Firearm Offences,Kensington and Chelsea,2,1,1,2,1,0,0,0,0,0,0,3,0,2,1,0,0,2,0,1,1,1,0,2
Possession of Weapons,Possession of Article with Blade or Point,Kensington and Chelsea,3,1,0,1,7,5,11,1,3,2,2,0,3,1,2,1,1,6,15,3,5,1,2,1
Possession of Weapons,Possession of Firearm with Intent,Kensington and Chelsea,0,0,0,1,0,0,0,1,1,1,0,0,1,1,0,0,2,0,1,1,1,0,1,2
Possession of Weapons,Possession of Firearms Offences,Kensington and Chelsea,0,0,0,1,1,0,2,2,0,1,0,2,0,2,1,0,1,1,1,0,1,0,1,1
Possession of Weapons,Possession of Other Weapon,Kensington and Chelsea,2,4,3,2,0,2,11,4,1,7,2,8,1,6,5,2,5,3,31,1,5,1,2,5
Public Order Offences,"Other Offences Against the State, or Public Order",Kensington and Chelsea,10,12,7,9,5,10,24,9,7,8,8,11,9,12,13,6,6,6,14,7,16,12,12,7
Public Order Offences,Public Fear Alarm or Distress,Kensington and Chelsea,73,69,73,80,68,87,101,62,84,65,67,68,61,69,71,90,100,82,83,102,78,83,53,57
Public Order Offences,"Racially or Religiously Aggravated Public Fear, Al",Kensington and Chelsea,20,21,21,26,27,17,28,22,19,37,14,22,14,18,19,26,20,22,28,26,16,24,15,11
Public Order Offences,Violent Disorder,Kensington and Chelsea,0,0,0,0,0,0,0,0,0,0,0,0,0,0,0,0,0,0,2,0,0,0,0,0
Robbery,Robbery of Business Property,Kensington and Chelsea,4,3,1,4,8,4,1,8,7,8,2,5,5,2,4,9,8,11,5,8,7,14,10,8
Robbery,Robbery of Personal Property,Kensington and Chelsea,42,34,36,36,43,65,101,47,37,38,26,32,40,33,44,52,59,38,75,51,50,59,67,59
Sexual Offences,Other Sexual Offences,Kensington and Chelsea,19,25,17,27,27,25,60,34,22,28,20,13,26,22,23,24,19,27,58,44,31,12,28,23
Sexual Offences,Rape,Kensington and Chelsea,12,19,20,18,23,19,17,8,20,20,20,7,11,13,9,15,26,18,20,14,14,13,11,17
Theft,Bicycle Theft,Kensington and Chelsea,40,53,60,55,59,63,44,45,59,37,21,27,25,36,27,50,65,60,41,71,83,48,26,28
Theft,Other Theft,Kensington and Chelsea,295,326,316,326,410,364,416,335,367,386,371,337,343,398,367,424,483,480,447,355,467,440,359,335
Theft,Shoplifting,Kensington and Chelsea,92,113,88,103,85,110,87,87,107,96,123,115,109,128,123,151,165,172,149,145,163,177,181,185
Theft,Theft from Person,Kensington and Chelsea,126,166,180,119,153,166,224,107,164,169,205,153,124,195,189,189,203,161,294,140,227,304,260,245
Vehicle Offences,Aggravated Vehicle Taking,Kensington and Chelsea,1,0,0,0,0,0,0,2,1,2,0,3,0,0,0,1,3,3,2,1,0,0,1,1
Vehicle Offences,Interfering with a Motor Vehicle,Kensington and Chelsea,16,26,26,17,15,12,15,16,14,18,12,16,16,13,14,13,17,19,16,16,21,23,16,28
Vehicle Offences,Theft from a Motor Vehicle,Kensington and Chelsea,154,180,209,150,131,146,144,113,162,130,170,149,133,196,190,165,147,154,178,152,190,216,165,198
Vehicle Offences,Theft or Taking of a Motor Vehicle,Kensington and Chelsea,45,41,40,72,50,50,38,48,91,77,66,67,52,58,63,68,49,63,48,58,46,70,45,54
Violence Against the Person,Homicide,Kensington and Chelsea,0,0,0,0,0,0,1,1,0,0,0,0,0,0,0,0,0,0,0,0,1,0,0,0
Violence Against the Person,Violence with Injury,Kensington and Chelsea,92,105,108,108,103,128,190,103,126,144,98,87,94,113,109,109,137,110,222,121,121,104,134,92
Violence Against the Person,Violence without Injury,Kensington and Chelsea,226,223,233,294,264,275,291,236,256,239,234,235,235,267,239,295,276,277,313,266,262,260,248,255
Arson and Criminal Damage,Arson,Kingston upon Thames,1,1,4,4,3,0,4,3,7,1,0,2,0,1,3,3,4,4,4,2,1,1,0,4
Arson and Criminal Damage,Criminal Damage,Kingston upon Thames,56,93,53,88,68,66,63,68,60,62,62,65,56,65,78,68,75,70,90,78,78,63,75,114
Burglary,Burglary Business and Community,Kingston upon Thames,8,12,9,11,12,34,10,11,18,18,12,20,15,20,9,21,39,20,16,15,24,11,9,13
Burglary,Domestic Burglary,Kingston upon Thames,44,55,28,48,38,30,25,33,66,55,47,48,57,66,51,63,50,54,48,55,50,31,47,36
Drug Offences,Drug Trafficking,Kingston upon Thames,7,9,18,10,10,10,10,5,8,12,10,16,12,14,5,7,11,15,11,13,14,15,3,9
Drug Offences,Possession of Drugs,Kingston upon Thames,66,100,81,66,47,55,29,45,77,90,80,93,76,64,71,65,62,58,47,44,48,36,48,43
Miscellaneous Crimes Against Society,Absconding from Lawful Custody,Kingston upon Thames,0,0,0,0,0,0,0,0,0,0,0,0,0,1,0,0,0,0,0,0,0,0,0,0
Miscellaneous Crimes Against Society,Aiding Suicide,Kingston upon Thames,0,0,0,0,0,0,0,0,0,0,1,0,0,0,0,0,0,0,0,0,0,0,0,0
Miscellaneous Crimes Against Society,Bigamy,Kingston upon Thames,0,0,0,0,0,0,0,0,0,0,0,0,0,0,0,0,0,0,1,0,0,0,0,0
Miscellaneous Crimes Against Society,Dangerous Driving,Kingston upon Thames,0,0,0,1,1,0,0,1,0,0,1,1,0,1,1,0,0,0,1,0,0,0,0,1
Miscellaneous Crimes Against Society,Fraud or Forgery Associated with Driver Records,Kingston upon Thames,0,0,0,0,0,0,0,0,0,1,0,0,1,0,0,0,0,0,0,0,0,0,0,0
Miscellaneous Crimes Against Society,Going Equipped for Stealing,Kingston upon Thames,0,3,0,2,1,0,1,0,0,0,0,0,2,1,0,0,1,0,1,0,0,2,0,1
Miscellaneous Crimes Against Society,Handling Stolen Goods,Kingston upon Thames,0,3,3,0,1,1,0,0,0,0,0,1,4,0,2,2,1,0,0,0,1,0,1,0
Miscellaneous Crimes Against Society,"Making, Supplying or Possessing Articles for use i",Kingston upon Thames,0,4,0,0,2,1,0,1,1,2,0,0,0,2,1,3,0,0,0,0,1,1,0,0
Miscellaneous Crimes Against Society,Obscene Publications,Kingston upon Thames,8,9,6,6,7,5,5,8,10,3,2,12,9,0,7,8,8,1,3,4,8,8,2,3
Miscellaneous Crimes Against Society,Offender Management Act,Kingston upon Thames,0,0,0,0,0,0,0,0,0,1,0,0,0,0,0,0,0,0,0,0,0,0,0,0
Miscellaneous Crimes Against Society,Other Forgery,Kingston upon Thames,2,2,3,0,3,1,4,1,0,2,0,1,0,2,1,2,0,0,1,1,1,0,2,2
Miscellaneous Crimes Against Society,Other Notifiable Offences,Kingston upon Thames,0,0,2,2,0,2,0,3,1,1,0,1,1,1,1,1,2,0,1,1,0,0,0,0
Miscellaneous Crimes Against Society,Perjury,Kingston upon Thames,0,0,0,0,0,0,0,0,0,0,0,0,1,0,0,0,0,0,0,0,0,0,0,0
Miscellaneous Crimes Against Society,Perverting Course of Justice,Kingston upon Thames,2,1,2,0,0,2,1,1,3,0,0,0,1,0,3,0,1,0,2,0,1,3,0,1
Miscellaneous Crimes Against Society,Possession of False Documents,Kingston upon Thames,0,1,0,1,0,0,0,0,1,0,0,0,0,0,1,0,1,0,0,0,0,0,0,0
Miscellaneous Crimes Against Society,Profitting From or Concealing Proceeds of Crime,Kingston upon Thames,0,3,0,2,0,2,0,0,0,1,0,1,1,1,0,1,0,0,0,0,0,0,1,0
Miscellaneous Crimes Against Society,Threat or Possession With Intent to Commit Crimina,Kingston upon Thames,0,3,4,3,3,3,1,3,3,5,3,6,5,2,2,4,4,3,4,2,3,1,0,6
Possession of Weapons,Other Firearm Offences,Kingston upon Thames,4,2,2,2,4,0,0,3,0,2,0,1,1,2,3,2,0,3,0,0,1,0,0,1
Possession of Weapons,Possession of Article with Blade or Point,Kingston upon Thames,5,7,3,4,3,3,2,2,6,3,1,4,2,4,0,2,4,2,1,0,0,0,3,1
Possession of Weapons,Possession of Firearm with Intent,Kingston upon Thames,0,1,0,1,0,0,1,0,0,0,0,0,0,0,0,0,1,0,1,0,0,0,1,0
Possession of Weapons,Possession of Firearms Offences,Kingston upon Thames,0,0,0,1,1,3,0,0,0,0,0,0,0,0,1,1,0,1,0,0,0,0,1,0
Possession of Weapons,Possession of Other Weapon,Kingston upon Thames,1,2,2,5,1,2,3,2,2,2,1,2,6,4,4,3,1,4,4,5,3,4,1,1
Public Order Offences,"Other Offences Against the State, or Public Order",Kingston upon Thames,4,8,5,7,12,10,17,10,13,12,8,9,9,11,5,6,12,7,14,16,14,13,13,9
Public Order Offences,Public Fear Alarm or Distress,Kingston upon Thames,40,49,38,40,59,50,45,46,48,46,32,34,48,51,51,48,47,56,47,55,50,43,28,37
Public Order Offences,"Racially or Religiously Aggravated Public Fear, Al",Kingston upon Thames,6,13,11,10,22,11,15,12,15,11,15,9,12,11,11,30,20,9,16,9,15,10,15,10
Public Order Offences,Violent Disorder,Kingston upon Thames,0,0,0,0,0,0,0,0,1,0,0,0,0,0,0,0,0,0,0,0,0,0,0,0
Robbery,Robbery of Business Property,Kingston upon Thames,2,2,2,3,4,0,5,2,2,2,3,6,2,9,3,3,3,2,5,4,4,6,2,1
Robbery,Robbery of Personal Property,Kingston upon Thames,5,16,15,20,16,11,6,16,34,16,12,18,19,11,15,13,21,12,11,15,7,7,9,9
Sexual Offences,Other Sexual Offences,Kingston upon Thames,23,33,13,29,25,25,26,24,30,27,17,18,25,28,12,35,23,18,29,28,34,33,19,17
Sexual Offences,Rape,Kingston upon Thames,17,11,21,15,18,16,22,20,19,11,8,19,16,12,17,17,7,14,7,19,13,14,9,11
Theft,Bicycle Theft,Kingston upon Thames,28,18,43,60,49,56,63,66,65,35,22,48,45,42,44,33,51,69,59,56,45,30,20,18
Theft,Other Theft,Kingston upon Thames,110,123,129,111,114,134,120,127,118,150,113,116,112,144,92,140,163,150,153,141,154,124,101,95
Theft,Shoplifting,Kingston upon Thames,35,38,57,72,71,45,64,53,52,62,84,77,75,80,72,92,95,89,94,68,101,108,85,102
Theft,Theft from Person,Kingston upon Thames,82,77,59,44,47,38,34,23,49,55,45,40,42,59,62,50,41,40,37,42,52,53,58,38
Vehicle Offences,Aggravated Vehicle Taking,Kingston upon Thames,1,0,1,0,4,0,2,2,1,2,2,0,0,1,1,0,0,2,0,1,1,1,1,1
Vehicle Offences,Interfering with a Motor Vehicle,Kingston upon Thames,13,9,12,30,16,10,10,25,15,14,12,15,15,27,10,9,15,12,13,24,10,15,11,13
Vehicle Offences,Theft from a Motor Vehicle,Kingston upon Thames,47,45,53,65,63,46,56,79,70,67,62,54,43,57,44,39,47,66,45,59,46,37,41,43
Vehicle Offences,Theft or Taking of a Motor Vehicle,Kingston upon Thames,37,30,32,23,21,22,28,24,39,39,37,23,21,35,35,33,28,29,36,29,40,36,28,39
Violence Against the Person,Homicide,Kingston upon Thames,0,0,0,0,1,0,0,0,1,0,0,0,0,0,0,0,0,0,0,0,0,0,0,0
Violence Against the Person,Violence with Injury,Kingston upon Thames,87,99,82,101,92,98,93,98,91,89,78,90,93,89,96,96,80,88,98,101,102,90,110,88
Violence Against the Person,Violence without Injury,Kingston upon Thames,198,191,208,234,195,173,199,218,185,216,187,190,183,225,193,241,226,193,194,207,233,231,223,235
Arson and Criminal Damage,Arson,Lambeth,0,4,3,7,11,9,5,2,13,3,4,8,5,1,7,6,9,3,7,7,1,8,7,7
Arson and Criminal Damage,Criminal Damage,Lambeth,156,186,169,148,189,209,190,172,149,170,139,170,161,171,199,178,167,166,177,196,192,204,198,177
Burglary,Burglary Business and Community,Lambeth,33,49,53,40,64,53,55,47,45,62,60,75,48,60,44,77,67,79,60,41,60,45,54,54
Burglary,Domestic Burglary,Lambeth,115,148,124,155,149,115,138,153,151,137,98,106,105,125,114,131,151,156,139,130,106,117,108,99
Drug Offences,Drug Trafficking,Lambeth,26,27,34,36,32,25,35,32,31,42,36,46,44,33,33,32,30,41,39,38,53,42,31,31
Drug Offences,Possession of Drugs,Lambeth,161,144,85,119,112,114,98,91,107,102,80,101,68,72,71,84,74,72,86,94,84,69,61,90
Miscellaneous Crimes Against Society,Absconding from Lawful Custody,Lambeth,0,0,0,0,0,1,1,0,1,0,0,0,0,0,0,0,1,0,2,0,0,0,0,0
Miscellaneous Crimes Against Society,Bail Offences,Lambeth,0,0,0,0,0,0,0,0,0,0,0,0,0,0,0,2,0,1,0,0,0,0,0,0
Miscellaneous Crimes Against Society,Bigamy,Lambeth,0,0,0,0,0,0,0,0,0,0,0,0,0,0,0,0,0,0,1,0,0,0,0,0
Miscellaneous Crimes Against Society,Dangerous Driving,Lambeth,0,3,3,0,1,1,2,0,2,6,3,2,4,1,2,4,1,1,1,2,2,1,2,1
Miscellaneous Crimes Against Society,"Disclosure, Obstruction, False or Misleading State",Lambeth,0,0,0,0,0,0,0,0,0,0,2,0,0,0,0,0,1,0,0,0,1,0,0,0
Miscellaneous Crimes Against Society,Exploitation of Prostitution,Lambeth,0,0,0,0,0,0,0,0,0,0,0,0,0,0,0,0,0,1,0,0,0,0,0,0
Miscellaneous Crimes Against Society,Forgery or Use of Drug Prescription,Lambeth,0,0,0,0,0,0,0,0,1,0,1,0,0,0,0,0,0,0,0,0,0,0,0,0
Miscellaneous Crimes Against Society,Fraud or Forgery Associated with Driver Records,Lambeth,1,0,0,0,0,0,0,2,0,0,0,1,1,0,0,0,1,0,0,0,0,1,0,0
Miscellaneous Crimes Against Society,Going Equipped for Stealing,Lambeth,3,2,1,0,0,1,0,0,1,0,1,1,2,1,0,2,2,3,1,3,4,0,0,1
Miscellaneous Crimes Against Society,Handling Stolen Goods,Lambeth,1,4,5,1,1,0,0,2,0,2,0,3,2,2,2,2,1,1,0,1,3,0,2,2
Miscellaneous Crimes Against Society,"Making, Supplying or Possessing Articles for use i",Lambeth,0,5,0,1,2,0,0,0,0,1,0,1,2,0,2,0,0,1,2,0,1,0,0,3
Miscellaneous Crimes Against Society,Obscene Publications,Lambeth,13,19,9,8,9,6,8,11,8,10,5,14,11,10,3,12,7,8,10,7,18,8,9,6
Miscellaneous Crimes Against Society,Offender Management Act,Lambeth,0,1,3,3,1,0,0,3,8,1,0,1,2,3,0,0,1,3,7,2,9,10,3,0
Miscellaneous Crimes Against Society,Other Forgery,Lambeth,0,0,0,2,2,3,2,1,0,1,0,0,0,0,2,0,0,0,0,1,0,0,1,1
Miscellaneous Crimes Against Society,Other Notifiable Offences,Lambeth,1,3,0,4,3,4,0,6,0,4,2,3,0,2,1,3,2,1,0,3,1,0,0,0
Miscellaneous Crimes Against Society,Perjury,Lambeth,0,0,0,0,0,1,0,0,0,0,0,0,0,0,0,0,0,0,0,0,0,0,0,0
Miscellaneous Crimes Against Society,Perverting Course of Justice,Lambeth,1,1,0,4,2,3,4,0,2,1,1,0,3,2,0,2,5,2,3,0,3,1,4,1
Miscellaneous Crimes Against Society,Possession of False Documents,Lambeth,0,2,0,1,2,1,0,0,0,0,0,0,0,2,0,1,0,1,0,0,2,1,0,1
Miscellaneous Crimes Against Society,Profitting From or Concealing Proceeds of Crime,Lambeth,2,3,5,4,4,5,2,4,5,3,1,1,9,3,0,1,4,0,2,2,2,1,1,0
Miscellaneous Crimes Against Society,Soliciting for Prostitution,Lambeth,0,0,0,0,0,0,0,0,0,0,0,0,0,0,0,0,0,0,2,2,0,0,0,0
Miscellaneous Crimes Against Society,Threat or Possession With Intent to Commit Crimina,Lambeth,9,6,3,3,4,8,6,4,7,4,7,5,6,8,8,4,4,6,5,5,8,3,6,2
Possession of Weapons,Other Firearm Offences,Lambeth,3,0,0,1,5,1,1,1,2,0,0,2,0,2,3,1,2,5,1,0,4,2,0,2
Possession of Weapons,Possession of Article with Blade or Point,Lambeth,10,12,10,15,14,18,11,9,9,11,5,12,16,10,10,17,7,8,10,6,7,6,2,8
Possession of Weapons,Possession of Firearm with Intent,Lambeth,0,2,0,1,2,1,2,2,0,0,2,1,0,0,0,0,1,0,1,0,0,0,0,1
Possession of Weapons,Possession of Firearms Offences,Lambeth,2,0,3,5,4,1,2,0,2,2,1,3,2,1,2,1,1,2,4,6,1,1,0,1
Possession of Weapons,Possession of Other Weapon,Lambeth,11,10,13,16,14,9,15,9,16,5,14,15,10,10,5,10,17,18,11,6,15,6,5,6
Public Order Offences,"Other Offences Against the State, or Public Order",Lambeth,30,34,20,26,25,37,24,21,36,27,25,21,16,18,26,20,24,25,34,24,31,61,49,21
Public Order Offences,Public Fear Alarm or Distress,Lambeth,91,159,137,153,162,171,164,124,159,126,78,108,115,142,111,142,168,153,163,150,129,121,120,109
Public Order Offences,"Racially or Religiously Aggravated Public Fear, Al",Lambeth,26,57,42,42,38,33,36,52,29,39,38,46,34,44,35,43,34,25,45,56,37,41,44,54
Public Order Offences,Violent Disorder,Lambeth,0,0,0,0,1,0,0,1,0,0,0,0,0,0,0,0,0,0,0,0,1,1,1,0
Robbery,Robbery of Business Property,Lambeth,6,9,8,8,8,15,20,11,11,9,7,9,11,19,11,10,18,22,25,13,19,17,20,31
Robbery,Robbery of Personal Property,Lambeth,77,116,96,103,114,116,123,114,176,150,117,117,117,162,194,145,115,161,135,137,140,120,169,182
Sexual Offences,Other Sexual Offences,Lambeth,38,62,53,53,75,85,59,48,54,71,47,53,56,61,63,73,61,57,51,70,55,56,45,61
Sexual Offences,Rape,Lambeth,50,40,28,54,30,56,44,28,45,33,32,43,26,44,34,37,35,38,37,38,37,26,30,31
Theft,Bicycle Theft,Lambeth,62,87,95,104,94,85,113,93,99,75,42,54,61,63,45,64,76,63,78,82,71,63,53,51
Theft,Other Theft,Lambeth,335,347,354,428,477,480,492,424,457,437,477,494,432,464,523,540,572,526,462,402,503,478,489,449
Theft,Shoplifting,Lambeth,75,84,69,113,69,92,121,151,129,100,103,117,84,114,148,131,191,142,184,142,150,153,158,151
Theft,Theft from Person,Lambeth,156,141,176,191,194,289,189,170,248,210,227,202,268,222,294,307,260,261,225,237,270,305,286,273
Vehicle Offences,Aggravated Vehicle Taking,Lambeth,1,1,2,4,3,3,2,2,3,0,1,0,2,1,3,1,0,2,1,3,1,0,1,3
Vehicle Offences,Interfering with a Motor Vehicle,Lambeth,32,22,30,33,24,24,33,13,10,16,18,30,27,25,19,28,31,25,33,32,33,42,32,38
Vehicle Offences,Theft from a Motor Vehicle,Lambeth,111,145,105,108,152,150,167,128,122,109,124,155,135,147,127,119,128,153,148,148,125,145,152,155
Vehicle Offences,Theft or Taking of a Motor Vehicle,Lambeth,70,91,84,90,88,84,100,56,73,60,66,64,57,65,57,86,69,97,75,77,73,92,71,64
Violence Against the Person,Homicide,Lambeth,0,0,2,0,0,0,0,0,2,0,1,0,2,0,1,1,0,0,0,2,1,1,0,0
Violence Against the Person,Violence with Injury,Lambeth,289,263,285,333,333,357,318,310,296,289,302,272,264,267,272,319,342,339,308,296,333,277,256,235
Violence Against the Person,Violence without Injury,Lambeth,487,562,498,504,476,532,505,464,473,506,450,561,462,568,526,499,578,547,521,535,571,519,564,534
Arson and Criminal Damage,Arson,Lewisham,5,6,3,13,4,4,6,6,10,6,4,2,7,6,9,5,9,7,5,10,8,3,2,6
Arson and Criminal Damage,Criminal Damage,Lewisham,136,153,161,162,166,208,194,175,165,146,156,178,160,192,183,189,208,196,168,175,194,166,182,192
Burglary,Burglary Business and Community,Lewisham,46,52,43,42,49,34,46,32,35,36,37,48,55,57,40,44,44,49,40,40,25,26,34,45
Burglary,Domestic Burglary,Lewisham,145,130,111,117,108,100,107,127,117,139,143,130,162,160,121,157,123,112,127,112,135,117,123,141
Drug Offences,Drug Trafficking,Lewisham,18,64,19,30,28,37,33,36,30,31,23,26,31,32,40,45,49,54,49,37,36,27,21,31
Drug Offences,Possession of Drugs,Lewisham,112,121,116,118,109,99,94,87,99,58,49,84,60,98,93,74,84,99,99,88,74,55,58,79
Miscellaneous Crimes Against Society,Absconding from Lawful Custody,Lewisham,0,0,0,0,0,0,0,1,0,0,0,0,0,0,0,0,0,0,0,0,0,0,0,0
Miscellaneous Crimes Against Society,Bigamy,Lewisham,0,0,0,0,2,0,0,0,0,0,0,0,0,0,0,0,0,0,0,0,0,0,0,0
Miscellaneous Crimes Against Society,Dangerous Driving,Lewisham,1,0,1,2,5,1,0,1,1,2,1,1,3,1,3,3,2,0,2,0,2,1,0,2
Miscellaneous Crimes Against Society,"Disclosure, Obstruction, False or Misleading State",Lewisham,0,0,0,1,0,0,0,1,0,0,0,0,0,1,0,0,0,0,0,0,0,1,0,0
Miscellaneous Crimes Against Society,Exploitation of Prostitution,Lewisham,0,0,0,0,0,0,0,0,0,0,1,1,0,0,0,0,0,0,0,0,0,0,1,0
Miscellaneous Crimes Against Society,Forgery or Use of Drug Prescription,Lewisham,0,0,1,0,0,0,0,0,0,1,0,0,0,0,0,0,0,0,0,0,0,0,0,0
Miscellaneous Crimes Against Society,Fraud or Forgery Associated with Driver Records,Lewisham,0,0,0,1,0,0,1,0,1,0,0,0,0,1,0,0,0,0,1,0,0,1,0,0
Miscellaneous Crimes Against Society,Going Equipped for Stealing,Lewisham,0,1,1,1,0,1,1,1,0,1,2,1,0,1,1,0,1,0,1,2,0,0,0,0
Miscellaneous Crimes Against Society,Handling Stolen Goods,Lewisham,0,3,2,2,5,5,2,2,0,1,0,5,1,2,2,2,2,4,1,1,3,2,0,1
Miscellaneous Crimes Against Society,"Making, Supplying or Possessing Articles for use i",Lewisham,1,1,1,0,1,0,0,0,1,0,0,1,2,1,0,1,1,0,0,0,0,1,1,0
Miscellaneous Crimes Against Society,Obscene Publications,Lewisham,10,9,6,18,10,4,14,11,6,10,8,12,16,18,3,3,10,11,8,9,7,6,4,9
Miscellaneous Crimes Against Society,Offender Management Act,Lewisham,0,0,0,0,0,0,0,0,0,0,0,0,0,0,0,0,0,0,0,0,1,0,0,1
Miscellaneous Crimes Against Society,Other Forgery,Lewisham,2,0,1,0,2,1,3,4,2,2,1,2,0,0,1,0,1,1,1,0,0,0,0,1
Miscellaneous Crimes Against Society,Other Notifiable Offences,Lewisham,2,2,2,2,3,1,2,1,1,1,3,2,1,1,2,3,3,1,2,2,3,0,1,1
Miscellaneous Crimes Against Society,Perverting Course of Justice,Lewisham,2,1,2,1,3,2,2,5,2,2,2,0,0,2,2,2,3,0,1,3,3,0,2,2
Miscellaneous Crimes Against Society,Possession of False Documents,Lewisham,0,1,0,0,0,0,0,0,0,0,0,0,0,0,0,1,0,0,0,1,0,0,0,0
Miscellaneous Crimes Against Society,Profitting From or Concealing Proceeds of Crime,Lewisham,2,2,1,2,2,0,5,0,4,1,0,1,1,3,1,0,0,1,2,1,1,0,0,1
Miscellaneous Crimes Against Society,Threat or Possession With Intent to Commit Crimina,Lewisham,4,12,7,5,10,4,4,10,5,9,4,8,13,6,6,10,6,11,12,11,10,5,8,11
Possession of Weapons,Other Firearm Offences,Lewisham,0,0,2,1,1,0,2,1,1,2,0,1,2,2,1,0,1,2,1,0,0,0,2,3
Possession of Weapons,Possession of Article with Blade or Point,Lewisham,8,17,14,14,10,8,8,11,6,10,5,16,4,9,7,7,10,11,9,8,8,4,6,7
Possession of Weapons,Possession of Firearm with Intent,Lewisham,0,0,1,0,0,0,2,0,0,2,0,1,1,1,0,0,2,0,1,1,2,0,1,0
Possession of Weapons,Possession of Firearms Offences,Lewisham,1,2,3,1,0,2,0,0,2,3,1,0,2,2,0,0,1,4,3,1,2,2,1,0
Possession of Weapons,Possession of Other Weapon,Lewisham,2,10,5,6,8,14,7,9,10,10,5,9,12,9,11,9,13,15,12,14,7,6,4,8
Public Order Offences,"Other Offences Against the State, or Public Order",Lewisham,12,16,15,13,15,14,21,20,15,18,23,28,23,11,18,16,26,23,16,18,18,28,30,18
Public Order Offences,Public Fear Alarm or Distress,Lewisham,113,138,133,145,158,155,134,131,130,119,112,110,123,129,147,145,157,142,153,131,142,98,105,117
Public Order Offences,"Racially or Religiously Aggravated Public Fear, Al",Lewisham,18,25,29,29,35,25,20,26,27,20,24,29,26,33,19,24,40,33,40,36,29,24,27,32
Public Order Offences,Violent Disorder,Lewisham,0,1,0,0,0,1,0,0,0,0,0,1,0,0,0,0,0,0,0,0,0,0,0,1
Robbery,Robbery of Business Property,Lewisham,11,6,6,8,14,4,8,4,4,6,9,7,19,9,11,17,15,6,18,8,13,14,17,21
Robbery,Robbery of Personal Property,Lewisham,39,77,35,46,54,52,55,47,55,43,61,64,66,73,45,62,55,68,63,74,50,90,72,59
Sexual Offences,Other Sexual Offences,Lewisham,38,56,51,52,35,53,44,53,35,47,35,41,38,47,40,57,50,39,36,48,40,43,47,36
Sexual Offences,Rape,Lewisham,29,30,29,38,32,19,30,32,25,23,35,36,32,30,37,30,36,40,38,34,38,17,15,29
Theft,Bicycle Theft,Lewisham,32,38,27,34,45,46,42,31,42,31,18,31,30,17,35,38,25,23,30,33,29,30,32,18
Theft,Other Theft,Lewisham,255,318,261,252,300,278,315,288,279,288,328,313,251,290,231,260,268,254,259,280,301,260,270,279
Theft,Shoplifting,Lewisham,93,113,79,86,113,104,103,124,102,128,106,152,142,117,147,235,272,210,199,156,199,174,188,147
Theft,Theft from Person,Lewisham,53,74,47,56,47,56,43,55,86,77,68,57,66,75,79,75,115,88,106,103,104,116,104,94
Vehicle Offences,Aggravated Vehicle Taking,Lewisham,3,2,1,2,7,4,7,2,2,2,2,2,3,4,0,4,1,2,3,2,3,1,3,0
Vehicle Offences,Interfering with a Motor Vehicle,Lewisham,44,57,39,44,27,46,26,49,31,25,24,24,17,26,33,37,22,29,29,23,24,32,24,28
Vehicle Offences,Theft from a Motor Vehicle,Lewisham,182,180,159,169,172,204,191,204,226,154,154,148,144,158,124,156,165,138,136,133,122,108,104,134
Vehicle Offences,Theft or Taking of a Motor Vehicle,Lewisham,74,90,92,95,106,105,94,63,106,92,110,108,110,106,106,100,117,108,122,95,98,87,107,119
Violence Against the Person,Homicide,Lewisham,0,0,1,0,0,1,1,0,0,2,0,1,0,0,0,1,0,1,1,0,0,0,0,1
Violence Against the Person,Violence with Injury,Lewisham,221,224,205,263,224,275,263,232,240,215,257,243,220,264,292,277,332,286,293,285,243,251,249,226
Violence Against the Person,Violence without Injury,Lewisham,443,497,518,534,477,537,510,496,502,488,468,499,479,570,549,512,613,569,542,569,547,510,505,475
Arson and Criminal Damage,Arson,London Heathrow and London City Airports,0,0,0,0,1,0,0,0,0,2,0,0,1,0,0,0,0,0,0,1,0,0,0,2
Arson and Criminal Damage,Criminal Damage,London Heathrow and London City Airports,6,3,8,4,4,2,10,4,9,6,5,10,4,6,3,2,4,6,3,5,6,5,4,9
Burglary,Burglary Business and Community,London Heathrow and London City Airports,1,2,1,0,0,1,1,0,0,1,1,0,1,1,0,1,1,0,1,0,1,0,1,0
Drug Offences,Drug Trafficking,London Heathrow and London City Airports,0,0,0,0,1,2,0,0,0,0,1,0,0,0,0,1,1,0,1,1,0,0,0,0
Drug Offences,Possession of Drugs,London Heathrow and London City Airports,4,1,2,11,2,6,5,8,4,7,4,7,5,3,4,5,10,4,5,1,5,7,9,6
Miscellaneous Crimes Against Society,"Disclosure, Obstruction, False or Misleading State",London Heathrow and London City Airports,1,0,0,2,0,0,0,0,0,0,0,0,0,0,0,0,0,0,0,0,0,0,0,0
Miscellaneous Crimes Against Society,Handling Stolen Goods,London Heathrow and London City Airports,0,0,0,0,0,0,0,0,0,0,0,1,0,0,0,0,1,0,0,1,0,0,1,0
Miscellaneous Crimes Against Society,"Making, Supplying or Possessing Articles for use i",London Heathrow and London City Airports,1,1,1,0,2,0,0,0,0,1,1,1,1,0,2,0,1,0,0,0,1,0,2,1
Miscellaneous Crimes Against Society,Obscene Publications,London Heathrow and London City Airports,1,0,0,0,1,1,1,0,0,0,0,0,0,0,0,1,3,2,0,0,1,1,2,2
Miscellaneous Crimes Against Society,Other Forgery,London Heathrow and London City Airports,2,0,0,0,0,0,1,0,0,0,0,0,0,0,0,0,0,1,0,0,0,0,0,0
Miscellaneous Crimes Against Society,Other Notifiable Offences,London Heathrow and London City Airports,50,108,104,163,183,175,160,121,140,112,120,117,93,127,111,123,152,134,116,135,140,117,119,104
Miscellaneous Crimes Against Society,Perverting Course of Justice,London Heathrow and London City Airports,1,0,0,0,0,0,0,0,0,0,0,0,0,0,0,0,0,0,0,0,0,0,0,0
Miscellaneous Crimes Against Society,Possession of False Documents,London Heathrow and London City Airports,0,1,0,0,0,0,0,0,0,1,2,1,0,0,0,1,0,1,2,0,1,0,0,1
Miscellaneous Crimes Against Society,Profitting From or Concealing Proceeds of Crime,London Heathrow and London City Airports,0,1,0,0,0,0,0,1,0,0,0,0,0,0,0,0,0,0,0,0,0,0,0,0
Miscellaneous Crimes Against Society,Threat or Possession With Intent to Commit Crimina,London Heathrow and London City Airports,0,0,0,0,0,0,0,0,0,0,1,0,0,1,0,0,0,0,0,0,0,0,0,0
Possession of Weapons,Possession of Article with Blade or Point,London Heathrow and London City Airports,1,1,0,0,1,1,1,2,1,3,0,0,0,0,1,0,0,1,0,0,1,1,0,1
Possession of Weapons,Possession of Firearm with Intent,London Heathrow and London City Airports,0,0,0,0,0,0,0,0,1,0,0,0,0,0,0,0,0,0,0,0,0,0,0,0
Possession of Weapons,Possession of Firearms Offences,London Heathrow and London City Airports,0,0,2,1,1,1,0,0,1,0,0,1,0,1,0,2,2,0,0,0,2,0,1,0
Possession of Weapons,Possession of Other Weapon,London Heathrow and London City Airports,1,1,0,0,1,0,1,1,0,3,4,1,2,2,0,1,0,1,0,0,0,0,1,1
Public Order Offences,"Other Offences Against the State, or Public Order",London Heathrow and London City Airports,1,1,0,2,0,3,1,0,1,1,2,1,1,4,1,2,3,2,1,2,4,2,1,1
Public Order Offences,Public Fear Alarm or Distress,London Heathrow and London City Airports,5,3,2,4,6,2,6,4,9,4,7,11,7,8,3,5,7,9,6,5,4,9,6,2
Public Order Offences,"Racially or Religiously Aggravated Public Fear, Al",London Heathrow and London City Airports,2,4,5,5,3,5,0,1,7,4,5,6,1,8,2,3,2,3,0,3,4,5,2,5
Robbery,Robbery of Personal Property,London Heathrow and London City Airports,0,0,0,0,1,0,0,0,0,0,0,1,0,0,0,1,0,1,1,0,0,0,0,1
Sexual Offences,Other Sexual Offences,London Heathrow and London City Airports,4,2,2,4,4,5,1,4,3,3,4,4,9,3,3,0,11,5,6,5,5,7,7,11
Sexual Offences,Rape,London Heathrow and London City Airports,0,0,0,0,0,0,0,0,0,0,0,0,0,1,0,0,0,0,0,0,0,0,0,0
Theft,Bicycle Theft,London Heathrow and London City Airports,0,0,0,0,1,0,0,1,0,1,0,0,0,0,1,0,1,0,0,0,0,0,0,0
Theft,Other Theft,London Heathrow and London City Airports,64,85,86,79,83,66,60,56,93,74,65,73,78,85,75,65,64,60,78,105,105,88,93,100
Theft,Shoplifting,London Heathrow and London City Airports,6,15,11,14,11,12,3,10,7,13,14,21,15,20,18,18,22,20,21,21,19,25,27,29
Theft,Theft from Person,London Heathrow and London City Airports,4,4,1,1,2,4,3,4,3,3,6,3,3,4,3,5,8,4,2,2,4,2,1,3
Vehicle Offences,Aggravated Vehicle Taking,London Heathrow and London City Airports,0,0,0,0,0,0,0,0,0,0,0,1,0,0,0,0,0,0,0,0,0,0,0,0
Vehicle Offences,Interfering with a Motor Vehicle,London Heathrow and London City Airports,0,0,1,0,0,1,0,0,0,1,0,1,0,1,0,0,0,0,0,0,0,1,1,0
Vehicle Offences,Theft from a Motor Vehicle,London Heathrow and London City Airports,2,8,10,14,13,7,11,14,36,15,22,36,21,7,4,2,6,3,0,5,18,8,7,12
Vehicle Offences,Theft or Taking of a Motor Vehicle,London Heathrow and London City Airports,1,0,5,1,9,1,2,4,7,7,8,58,4,6,4,5,2,4,5,2,4,4,1,2
Violence Against the Person,Violence with Injury,London Heathrow and London City Airports,5,7,6,8,6,6,3,5,4,4,8,4,1,3,4,4,6,7,5,5,7,6,4,4
Violence Against the Person,Violence without Injury,London Heathrow and London City Airports,22,11,10,27,24,21,15,15,25,31,18,10,15,20,15,16,15,20,30,24,18,16,33,24
Arson and Criminal Damage,Arson,Merton,1,2,3,7,4,3,5,1,5,1,1,5,4,0,2,1,6,3,10,2,1,2,0,3
Arson and Criminal Damage,Criminal Damage,Merton,49,86,75,98,77,104,81,77,72,93,77,87,81,82,82,87,103,96,93,91,98,90,85,80
Burglary,Burglary Business and Community,Merton,11,18,12,17,23,12,10,14,15,31,17,17,21,18,25,12,19,11,16,17,17,13,27,15
Burglary,Domestic Burglary,Merton,65,75,49,63,81,61,52,68,56,65,69,81,64,40,67,51,55,40,57,55,57,62,50,60
Drug Offences,Drug Trafficking,Merton,6,16,15,13,8,12,5,8,11,8,4,10,8,15,8,11,10,5,11,12,14,13,15,9
Drug Offences,Possession of Drugs,Merton,46,41,42,43,48,45,47,21,48,35,33,29,34,28,26,16,30,43,46,49,26,31,24,32
Miscellaneous Crimes Against Society,Bigamy,Merton,0,0,0,1,0,0,0,0,0,0,0,0,0,0,0,0,0,0,0,0,0,0,0,0
Miscellaneous Crimes Against Society,Dangerous Driving,Merton,0,0,1,0,1,0,3,1,2,0,0,1,2,0,0,1,1,0,0,2,0,0,1,1
Miscellaneous Crimes Against Society,Exploitation of Prostitution,Merton,0,0,0,3,0,0,0,0,0,0,0,0,0,0,0,0,0,0,0,0,0,0,0,0
Miscellaneous Crimes Against Society,Forgery or Use of Drug Prescription,Merton,0,0,0,0,0,0,0,0,0,0,0,0,0,0,0,0,0,1,0,0,0,0,0,0
Miscellaneous Crimes Against Society,Fraud or Forgery Associated with Driver Records,Merton,0,0,0,0,0,0,0,2,0,0,0,0,1,0,0,1,0,0,0,0,0,0,0,0
Miscellaneous Crimes Against Society,Going Equipped for Stealing,Merton,0,0,0,0,0,0,1,0,2,0,1,0,0,1,0,1,2,0,2,0,0,1,0,1
Miscellaneous Crimes Against Society,Handling Stolen Goods,Merton,0,1,1,0,0,1,1,0,1,1,0,0,0,0,0,0,0,0,1,0,1,0,0,0
Miscellaneous Crimes Against Society,"Making, Supplying or Possessing Articles for use i",Merton,3,1,1,1,0,1,0,1,0,0,1,1,0,0,1,0,0,0,0,0,0,0,0,0
Miscellaneous Crimes Against Society,Obscene Publications,Merton,11,3,4,7,6,10,3,10,13,4,3,7,6,10,4,3,5,4,5,12,4,7,3,7
Miscellaneous Crimes Against Society,Other Forgery,Merton,3,0,3,1,1,0,3,1,1,1,4,0,0,0,0,0,0,0,1,0,0,1,0,1
Miscellaneous Crimes Against Society,Other Notifiable Offences,Merton,0,2,1,1,0,3,2,0,1,1,1,1,0,0,1,0,1,0,1,1,1,1,3,1
Miscellaneous Crimes Against Society,Perverting Course of Justice,Merton,0,0,1,3,0,1,1,0,0,2,1,1,2,0,1,2,0,1,1,0,1,1,1,1
Miscellaneous Crimes Against Society,Possession of False Documents,Merton,1,0,0,0,0,0,0,0,0,0,0,1,0,0,0,0,1,0,0,0,0,1,1,0
Miscellaneous Crimes Against Society,Profitting From or Concealing Proceeds of Crime,Merton,1,1,0,2,2,0,0,0,1,2,0,0,1,0,1,1,0,0,1,0,0,2,0,1
Miscellaneous Crimes Against Society,Threat or Possession With Intent to Commit Crimina,Merton,4,9,3,3,1,6,8,2,2,7,2,5,4,3,3,2,5,4,2,6,4,3,4,2
Possession of Weapons,Other Firearm Offences,Merton,0,1,0,1,1,0,0,0,0,2,0,2,0,3,1,1,1,5,2,0,0,0,1,1
Possession of Weapons,Possession of Article with Blade or Point,Merton,7,4,4,1,0,3,4,4,2,3,2,3,1,3,3,2,5,3,4,2,3,0,2,5
Possession of Weapons,Possession of Firearm with Intent,Merton,0,0,1,1,0,1,0,1,0,0,0,0,0,1,0,0,1,0,0,0,0,1,0,0
Possession of Weapons,Possession of Firearms Offences,Merton,0,2,1,1,0,0,2,0,0,0,1,0,1,2,0,1,1,6,0,0,0,0,1,2
Possession of Weapons,Possession of Other Weapon,Merton,2,3,3,4,4,3,1,11,3,4,1,3,3,1,2,2,4,4,2,5,3,1,6,1
Public Order Offences,"Other Offences Against the State, or Public Order",Merton,3,9,9,7,5,6,18,15,14,8,4,10,7,5,7,11,15,10,5,6,15,4,9,9
Public Order Offences,Public Fear Alarm or Distress,Merton,52,64,66,60,64,52,59,64,52,76,52,37,40,64,65,64,81,113,72,73,68,40,58,36
Public Order Offences,"Racially or Religiously Aggravated Public Fear, Al",Merton,11,24,20,18,19,23,12,18,13,17,14,14,8,11,7,13,17,20,9,17,13,10,12,17
Robbery,Robbery of Business Property,Merton,2,4,3,2,4,2,5,6,3,5,2,4,6,6,2,10,11,9,5,10,11,11,11,7
Robbery,Robbery of Personal Property,Merton,34,39,32,41,39,39,26,47,63,58,25,35,28,34,27,41,38,21,20,34,24,29,32,30
Sexual Offences,Other Sexual Offences,Merton,18,25,21,30,19,25,23,19,22,18,25,19,18,30,17,16,29,23,16,19,31,22,17,23
Sexual Offences,Rape,Merton,8,10,12,17,8,13,9,15,14,12,15,14,13,20,15,14,10,20,9,17,9,15,8,10
Theft,Bicycle Theft,Merton,17,22,20,22,30,38,28,34,23,27,11,17,14,21,11,16,24,29,13,34,28,30,13,15
Theft,Other Theft,Merton,123,151,134,133,137,149,137,141,125,138,138,145,114,123,139,129,137,133,118,126,142,144,109,119
Theft,Shoplifting,Merton,52,67,60,67,73,58,47,70,85,59,67,86,68,93,102,140,120,111,98,121,135,89,115,112
Theft,Theft from Person,Merton,22,16,17,16,23,17,14,17,16,27,27,15,23,22,15,27,27,20,18,22,33,23,23,22
Vehicle Offences,Aggravated Vehicle Taking,Merton,1,1,0,1,3,0,2,1,2,1,2,2,0,2,1,1,1,1,1,1,1,0,1,0
Vehicle Offences,Interfering with a Motor Vehicle,Merton,19,19,17,31,21,24,17,25,16,20,19,30,19,14,22,19,18,14,24,22,21,19,19,15
Vehicle Offences,Theft from a Motor Vehicle,Merton,70,64,75,91,95,87,91,75,89,91,70,63,82,65,85,74,76,70,68,66,73,60,65,73
Vehicle Offences,Theft or Taking of a Motor Vehicle,Merton,55,69,50,62,67,66,55,55,64,41,47,49,37,33,38,42,40,48,52,39,50,46,38,51
Violence Against the Person,Homicide,Merton,0,0,0,0,0,0,0,0,0,0,0,0,0,0,1,0,0,0,0,0,0,0,0,0
Violence Against the Person,Violence with Injury,Merton,100,103,117,106,134,139,139,111,142,104,107,102,105,123,98,129,142,128,107,131,141,112,96,108
Violence Against the Person,Violence without Injury,Merton,246,251,233,247,261,302,261,255,242,207,179,251,199,275,240,257,235,277,228,268,283,236,266,278
Arson and Criminal Damage,Arson,Newham,2,7,10,9,6,12,13,6,5,9,6,1,5,3,5,10,4,12,4,4,7,5,3,0
Arson and Criminal Damage,Criminal Damage,Newham,153,182,180,202,185,226,167,182,167,180,145,152,138,182,174,178,199,203,207,161,176,173,174,167
Burglary,Burglary Business and Community,Newham,43,56,41,50,50,42,37,57,53,51,65,65,68,69,57,59,45,47,41,48,51,49,59,54
Burglary,Domestic Burglary,Newham,117,111,88,97,78,99,96,128,98,120,130,129,101,114,92,104,114,105,100,106,143,137,147,119
Drug Offences,Drug Trafficking,Newham,42,14,25,23,31,17,35,32,31,30,27,37,24,31,47,47,44,25,52,36,24,44,31,23
Drug Offences,Possession of Drugs,Newham,214,187,131,173,177,176,208,153,185,159,122,134,96,112,106,97,104,113,112,112,138,129,94,84
Miscellaneous Crimes Against Society,Absconding from Lawful Custody,Newham,0,0,0,0,0,0,0,0,0,0,0,0,0,0,0,0,0,0,1,0,0,0,1,1
Miscellaneous Crimes Against Society,Bail Offences,Newham,0,0,0,0,0,0,0,0,0,0,0,0,0,0,0,0,0,0,1,1,0,0,0,0
Miscellaneous Crimes Against Society,Bigamy,Newham,0,0,0,0,0,0,0,0,0,0,0,1,0,0,0,0,0,0,0,0,0,0,0,0
Miscellaneous Crimes Against Society,Dangerous Driving,Newham,1,6,2,2,1,2,0,1,4,1,0,2,2,1,0,1,2,2,2,2,1,0,2,1
Miscellaneous Crimes Against Society,"Disclosure, Obstruction, False or Misleading State",Newham,0,0,0,0,0,0,0,0,0,0,0,0,1,0,0,1,0,0,0,0,0,0,0,0
Miscellaneous Crimes Against Society,Exploitation of Prostitution,Newham,0,0,0,1,0,0,0,0,0,0,0,0,0,0,0,0,0,0,0,0,0,1,0,0
Miscellaneous Crimes Against Society,Forgery or Use of Drug Prescription,Newham,0,0,0,1,0,0,0,0,0,0,0,0,0,0,0,1,0,0,0,0,0,0,0,0
Miscellaneous Crimes Against Society,Fraud or Forgery Associated with Driver Records,Newham,0,0,0,0,0,0,1,0,2,0,1,0,1,1,0,2,0,0,0,0,0,0,0,0
Miscellaneous Crimes Against Society,Going Equipped for Stealing,Newham,4,2,1,4,1,3,2,2,3,1,0,1,0,1,0,1,4,1,1,2,1,1,2,0
Miscellaneous Crimes Against Society,Handling Stolen Goods,Newham,4,5,3,2,2,0,2,2,1,1,2,2,1,6,0,2,2,3,3,2,3,0,1,3
Miscellaneous Crimes Against Society,"Making, Supplying or Possessing Articles for use i",Newham,3,0,0,1,1,1,1,0,0,3,0,1,0,3,3,2,0,2,1,0,1,1,3,3
Miscellaneous Crimes Against Society,Obscene Publications,Newham,18,18,10,19,16,13,17,11,17,13,15,17,18,16,9,21,7,8,11,10,9,13,10,13
Miscellaneous Crimes Against Society,Offender Management Act,Newham,0,0,0,0,0,0,0,0,0,0,0,0,0,0,0,0,0,0,0,0,0,0,0,1
Miscellaneous Crimes Against Society,Other Forgery,Newham,3,1,2,3,2,1,2,1,1,0,0,0,1,0,2,1,0,0,0,0,3,1,2,1
Miscellaneous Crimes Against Society,Other Notifiable Offences,Newham,5,1,2,2,2,5,4,1,4,1,0,1,0,2,2,2,2,8,7,6,0,0,2,0
Miscellaneous Crimes Against Society,Perjury,Newham,0,0,0,0,0,0,0,0,0,0,0,0,0,0,1,0,0,0,0,0,0,0,0,0
Miscellaneous Crimes Against Society,Perverting Course of Justice,Newham,1,5,1,3,4,2,1,3,1,0,0,2,1,0,3,0,1,0,1,1,4,1,0,4
Miscellaneous Crimes Against Society,Possession of False Documents,Newham,0,0,1,0,0,0,2,0,1,1,1,0,0,1,0,0,2,1,0,0,0,0,0,0
Miscellaneous Crimes Against Society,Profitting From or Concealing Proceeds of Crime,Newham,2,2,1,0,3,0,3,3,0,3,1,2,1,1,0,3,2,0,2,2,1,1,1,0
Miscellaneous Crimes Against Society,Soliciting for Prostitution,Newham,0,0,0,1,0,0,0,0,0,0,0,0,0,0,0,0,0,0,1,0,1,1,0,0
Miscellaneous Crimes Against Society,Threat or Possession With Intent to Commit Crimina,Newham,7,10,6,6,9,11,9,11,3,9,4,2,3,8,7,9,11,11,10,10,10,10,5,6
Possession of Weapons,Other Firearm Offences,Newham,1,3,2,3,1,0,0,2,1,3,1,2,1,4,1,4,1,2,1,0,2,1,1,4
Possession of Weapons,Possession of Article with Blade or Point,Newham,4,14,7,8,16,9,16,6,6,8,4,8,6,14,4,8,10,10,7,8,4,4,8,4
Possession of Weapons,Possession of Firearm with Intent,Newham,0,2,1,0,2,0,1,2,2,2,1,1,0,1,0,1,0,2,1,1,0,1,2,1
Possession of Weapons,Possession of Firearms Offences,Newham,1,1,1,5,2,0,5,3,0,1,2,1,0,1,0,2,3,1,0,4,1,1,2,1
Possession of Weapons,Possession of Other Weapon,Newham,11,12,10,6,12,12,14,13,11,8,9,7,7,14,11,10,16,19,6,10,12,8,9,5
Public Order Offences,"Other Offences Against the State, or Public Order",Newham,31,29,24,33,33,41,31,34,28,33,22,25,14,30,26,32,22,31,29,32,32,22,30,22
Public Order Offences,Public Fear Alarm or Distress,Newham,96,120,134,134,116,133,125,109,119,110,93,89,95,124,116,121,138,108,140,141,134,127,96,114
Public Order Offences,"Racially or Religiously Aggravated Public Fear, Al",Newham,37,44,31,30,34,40,28,43,43,49,22,23,28,36,34,43,34,39,43,31,36,41,42,30
Public Order Offences,Violent Disorder,Newham,1,0,1,0,0,0,0,0,0,0,0,0,0,0,0,0,0,0,0,1,1,0,0,1
Robbery,Robbery of Business Property,Newham,7,7,8,14,6,8,7,8,20,12,6,13,7,10,16,7,8,9,9,14,13,21,7,17
Robbery,Robbery of Personal Property,Newham,72,92,78,91,103,115,92,94,78,98,108,102,108,96,99,101,142,136,117,140,153,118,137,99
Sexual Offences,Other Sexual Offences,Newham,48,64,45,73,66,60,48,65,77,52,51,45,45,66,51,53,65,58,56,61,48,64,47,49
Sexual Offences,Rape,Newham,36,43,34,34,31,30,30,44,43,47,32,38,40,47,27,30,35,36,49,36,37,33,33,37
Theft,Bicycle Theft,Newham,31,34,46,43,43,30,40,32,33,37,33,34,33,20,37,47,43,39,65,63,65,39,31,26
Theft,Other Theft,Newham,379,405,359,377,332,399,378,405,390,427,421,415,436,465,379,488,496,531,457,434,507,528,517,492
Theft,Shoplifting,Newham,138,139,163,142,152,164,161,131,175,169,144,149,148,173,162,154,182,192,207,227,228,211,202,218
Theft,Theft from Person,Newham,340,320,248,202,150,108,123,155,204,220,201,270,316,282,281,262,312,226,204,225,304,459,406,307
Vehicle Offences,Aggravated Vehicle Taking,Newham,7,3,2,3,2,4,2,2,2,3,6,7,3,3,0,3,2,3,1,0,2,3,3,2
Vehicle Offences,Interfering with a Motor Vehicle,Newham,55,59,70,62,54,38,49,39,45,46,39,52,61,48,40,40,46,36,43,56,50,41,58,41
Vehicle Offences,Theft from a Motor Vehicle,Newham,209,234,218,233,248,219,202,243,277,266,204,215,195,225,207,206,253,223,268,299,287,208,265,195
Vehicle Offences,Theft or Taking of a Motor Vehicle,Newham,180,160,165,136,154,147,175,161,170,174,175,157,134,159,120,113,95,98,114,117,136,109,151,139
Violence Against the Person,Homicide,Newham,0,0,2,1,0,2,1,0,1,0,0,1,0,0,0,0,0,1,0,0,0,1,0,1
Violence Against the Person,Violence with Injury,Newham,237,276,239,299,301,308,300,277,301,280,254,265,231,268,299,292,322,292,284,281,286,258,271,292
Violence Against the Person,Violence without Injury,Newham,499,642,529,610,577,597,550,522,639,585,501,580,528,600,590,655,694,635,635,675,608,630,617,611
Arson and Criminal Damage,Arson,Redbridge,6,8,4,6,1,8,7,1,6,5,1,7,9,3,7,1,2,6,6,8,1,3,1,7
Arson and Criminal Damage,Criminal Damage,Redbridge,104,123,135,137,141,137,113,106,118,109,116,136,132,140,120,157,133,137,166,152,112,119,100,130
Burglary,Burglary Business and Community,Redbridge,45,30,51,44,53,36,38,30,38,43,34,42,42,53,34,46,52,45,37,34,32,25,15,38
Burglary,Domestic Burglary,Redbridge,83,93,61,64,93,54,54,69,74,90,98,70,89,62,64,57,58,55,62,76,86,69,85,88
Drug Offences,Drug Trafficking,Redbridge,17,19,8,19,18,17,19,6,12,19,19,20,22,20,14,29,40,24,21,15,25,12,15,26
Drug Offences,Possession of Drugs,Redbridge,97,121,78,89,82,60,61,78,79,102,108,109,77,76,65,64,56,52,59,68,69,54,44,60
Miscellaneous Crimes Against Society,Absconding from Lawful Custody,Redbridge,0,0,0,0,0,0,0,0,0,0,0,0,0,0,0,0,0,1,0,0,0,1,0,0
Miscellaneous Crimes Against Society,Bigamy,Redbridge,0,0,0,0,0,0,0,0,0,1,0,0,0,0,0,0,0,0,0,0,0,0,0,0
Miscellaneous Crimes Against Society,Dangerous Driving,Redbridge,1,5,0,3,0,2,1,1,2,3,2,3,0,1,2,2,1,0,0,0,3,0,0,0
Miscellaneous Crimes Against Society,"Disclosure, Obstruction, False or Misleading State",Redbridge,0,0,0,0,0,1,0,0,1,1,1,0,0,0,0,0,0,0,0,0,0,0,0,0
Miscellaneous Crimes Against Society,Exploitation of Prostitution,Redbridge,0,0,0,0,0,0,0,0,1,0,0,0,0,0,0,0,1,0,0,0,0,0,0,0
Miscellaneous Crimes Against Society,Forgery or Use of Drug Prescription,Redbridge,0,1,0,0,0,0,1,0,0,0,0,1,0,0,0,0,0,0,1,0,0,0,1,0
Miscellaneous Crimes Against Society,Fraud or Forgery Associated with Driver Records,Redbridge,1,0,0,0,0,0,0,0,0,0,0,0,0,0,0,1,2,0,0,1,0,0,0,1
Miscellaneous Crimes Against Society,Going Equipped for Stealing,Redbridge,1,0,0,0,1,0,2,0,2,0,0,2,1,0,1,0,1,0,2,2,2,0,0,0
Miscellaneous Crimes Against Society,Handling Stolen Goods,Redbridge,2,4,0,5,2,0,2,0,0,1,1,2,3,0,1,2,2,0,2,3,3,2,0,2
Miscellaneous Crimes Against Society,"Making, Supplying or Possessing Articles for use i",Redbridge,1,1,1,1,1,0,1,0,1,2,1,1,1,1,0,0,3,2,0,0,2,0,0,0
Miscellaneous Crimes Against Society,Obscene Publications,Redbridge,23,10,7,11,18,16,11,12,16,7,7,13,11,11,10,10,18,5,6,10,11,7,9,13
Miscellaneous Crimes Against Society,Offender Management Act,Redbridge,0,0,1,0,0,0,0,0,0,0,0,0,2,0,0,0,2,0,0,0,0,0,0,0
Miscellaneous Crimes Against Society,Other Forgery,Redbridge,0,2,2,2,0,2,0,0,0,2,1,2,0,0,1,0,2,2,0,0,2,0,0,0
Miscellaneous Crimes Against Society,Other Notifiable Offences,Redbridge,1,2,3,2,0,0,0,1,3,1,2,2,1,1,1,3,0,1,1,2,1,2,0,0
Miscellaneous Crimes Against Society,Perjury,Redbridge,0,1,0,0,0,0,0,0,0,0,0,0,0,0,0,0,0,1,0,0,0,0,0,0
Miscellaneous Crimes Against Society,Perverting Course of Justice,Redbridge,0,1,1,2,0,0,1,1,1,0,1,1,1,0,0,3,0,2,1,1,1,4,1,0
Miscellaneous Crimes Against Society,Possession of False Documents,Redbridge,0,0,0,0,0,0,0,1,1,2,0,1,0,1,1,1,0,0,3,0,0,1,0,0
Miscellaneous Crimes Against Society,Profitting From or Concealing Proceeds of Crime,Redbridge,2,2,0,1,2,0,0,0,0,3,1,2,0,3,1,1,1,0,0,0,1,0,0,0
Miscellaneous Crimes Against Society,Threat or Possession With Intent to Commit Crimina,Redbridge,2,5,4,5,5,9,6,11,7,7,6,3,6,7,6,6,10,5,10,6,9,9,4,11
Possession of Weapons,Other Firearm Offences,Redbridge,1,2,1,0,2,1,1,1,3,1,4,4,1,0,3,0,2,2,1,1,4,1,1,3
Possession of Weapons,Possession of Article with Blade or Point,Redbridge,3,3,3,9,6,7,5,1,5,8,9,5,5,4,6,6,3,4,4,7,6,4,3,2
Possession of Weapons,Possession of Firearm with Intent,Redbridge,0,1,1,0,2,0,2,0,2,0,0,0,1,0,1,0,1,1,0,1,0,0,0,1
Possession of Weapons,Possession of Firearms Offences,Redbridge,2,0,2,1,1,1,1,1,0,0,1,0,0,0,0,0,1,0,1,0,0,1,0,1
Possession of Weapons,Possession of Other Weapon,Redbridge,8,10,2,5,5,8,4,4,4,7,13,4,4,9,5,5,7,3,4,4,1,7,5,3
Public Order Offences,"Other Offences Against the State, or Public Order",Redbridge,9,11,18,21,14,16,16,9,10,10,8,9,11,7,13,11,19,16,12,8,17,15,22,18
Public Order Offences,Public Fear Alarm or Distress,Redbridge,68,92,89,95,81,115,100,89,88,70,58,84,75,78,78,86,105,99,99,88,87,78,73,64
Public Order Offences,"Racially or Religiously Aggravated Public Fear, Al",Redbridge,26,18,21,40,28,24,20,29,25,25,21,19,20,18,29,20,25,33,22,41,27,28,26,25
Public Order Offences,Violent Disorder,Redbridge,0,0,0,0,0,0,0,0,0,0,0,0,0,0,1,0,0,0,0,0,0,0,0,0
Robbery,Robbery of Business Property,Redbridge,3,6,5,10,5,12,5,5,5,5,6,13,5,11,7,9,5,10,11,9,12,11,8,8
Robbery,Robbery of Personal Property,Redbridge,62,39,40,66,61,50,44,55,44,48,51,56,48,55,36,71,87,42,55,82,50,63,63,46
Sexual Offences,Other Sexual Offences,Redbridge,39,39,25,41,33,38,44,36,44,37,30,30,25,44,29,44,36,46,31,34,31,24,28,25
Sexual Offences,Rape,Redbridge,17,30,19,25,19,16,24,15,25,31,14,20,16,24,27,20,26,23,21,25,19,17,12,25
Theft,Bicycle Theft,Redbridge,11,8,16,16,36,19,23,19,28,15,10,6,9,9,1,15,24,12,22,28,17,8,4,16
Theft,Other Theft,Redbridge,267,255,255,276,227,230,242,203,241,220,208,219,208,249,241,246,235,224,190,213,234,255,233,247
Theft,Shoplifting,Redbridge,88,105,108,91,119,80,108,99,112,111,66,88,108,127,108,115,109,118,136,118,103,94,102,103
Theft,Theft from Person,Redbridge,93,94,64,81,61,59,40,68,88,78,99,79,80,108,73,95,79,84,89,63,119,153,125,96
Vehicle Offences,Aggravated Vehicle Taking,Redbridge,0,1,3,1,3,2,1,4,5,4,2,1,2,3,2,1,3,5,3,1,1,1,3,0
Vehicle Offences,Interfering with a Motor Vehicle,Redbridge,34,41,30,34,50,41,33,37,47,44,31,30,35,31,41,41,38,41,40,47,42,27,35,42
Vehicle Offences,Theft from a Motor Vehicle,Redbridge,153,174,155,178,246,195,210,246,282,266,210,201,209,190,171,214,178,179,173,192,173,151,167,144
Vehicle Offences,Theft or Taking of a Motor Vehicle,Redbridge,89,112,88,106,99,104,124,109,106,101,115,106,97,105,99,101,86,122,120,114,104,94,94,100
Violence Against the Person,Homicide,Redbridge,0,1,0,0,2,0,0,0,4,0,0,0,0,0,0,0,0,0,0,0,0,0,0,0
Violence Against the Person,Violence with Injury,Redbridge,172,212,183,188,191,253,161,198,199,178,202,192,187,198,212,230,226,223,170,209,209,175,194,185
Violence Against the Person,Violence without Injury,Redbridge,414,457,417,471,449,429,428,413,450,413,418,425,396,442,497,483,493,455,481,484,513,442,442,448
Arson and Criminal Damage,Arson,Richmond upon Thames,2,1,3,2,0,4,3,2,2,1,1,6,2,2,2,4,0,2,4,5,6,1,2,2
Arson and Criminal Damage,Criminal Damage,Richmond upon Thames,56,74,83,81,62,81,72,70,75,75,56,89,70,67,80,88,68,91,92,79,77,75,73,74
Burglary,Burglary Business and Community,Richmond upon Thames,16,18,15,21,27,20,34,38,25,21,20,44,67,70,37,82,22,29,26,24,43,20,24,26
Burglary,Domestic Burglary,Richmond upon Thames,53,72,66,57,43,35,48,42,45,78,75,59,75,98,69,49,53,57,66,65,67,84,69,72
Drug Offences,Drug Trafficking,Richmond upon Thames,6,3,3,10,8,5,11,2,5,5,4,5,7,7,8,4,6,10,6,13,11,12,10,12
Drug Offences,Possession of Drugs,Richmond upon Thames,35,19,38,32,14,23,17,13,25,14,15,13,19,25,14,22,16,20,22,15,16,16,13,15
Miscellaneous Crimes Against Society,Dangerous Driving,Richmond upon Thames,0,0,0,0,0,0,1,0,1,0,0,0,0,0,1,1,0,1,0,0,0,0,0,0
Miscellaneous Crimes Against Society,"Disclosure, Obstruction, False or Misleading State",Richmond upon Thames,0,0,0,0,0,0,0,0,0,0,0,0,0,0,0,0,0,0,0,0,1,0,0,0
Miscellaneous Crimes Against Society,Forgery or Use of Drug Prescription,Richmond upon Thames,1,0,1,0,0,0,0,0,0,0,0,0,0,0,0,1,0,0,0,0,0,0,0,0
Miscellaneous Crimes Against Society,Fraud or Forgery Associated with Driver Records,Richmond upon Thames,0,0,0,0,0,0,0,0,0,0,0,0,0,1,1,0,0,0,1,0,0,0,0,1
Miscellaneous Crimes Against Society,Going Equipped for Stealing,Richmond upon Thames,1,0,1,1,0,1,0,0,0,0,0,0,1,2,0,1,0,0,3,0,0,1,2,0
Miscellaneous Crimes Against Society,Handling Stolen Goods,Richmond upon Thames,0,1,0,0,0,1,2,0,2,1,1,0,1,1,2,0,1,0,0,0,0,0,0,0
Miscellaneous Crimes Against Society,"Making, Supplying or Possessing Articles for use i",Richmond upon Thames,0,1,0,2,0,0,0,0,0,0,1,1,0,0,0,1,0,0,0,1,0,0,1,0
Miscellaneous Crimes Against Society,Obscene Publications,Richmond upon Thames,4,8,7,6,6,6,3,2,5,4,2,10,5,5,1,4,4,2,5,6,5,6,0,2
Miscellaneous Crimes Against Society,Other Forgery,Richmond upon Thames,1,0,0,0,0,1,0,0,2,2,1,0,0,1,0,0,0,0,0,0,1,1,1,0
Miscellaneous Crimes Against Society,Other Notifiable Offences,Richmond upon Thames,0,0,2,0,0,1,1,2,1,1,2,2,2,2,0,1,0,0,0,0,1,0,0,0
Miscellaneous Crimes Against Society,Perjury,Richmond upon Thames,0,0,0,0,0,0,0,0,0,0,0,0,0,0,0,0,0,0,0,0,0,0,1,1
Miscellaneous Crimes Against Society,Perverting Course of Justice,Richmond upon Thames,0,1,1,1,0,0,0,0,1,1,0,0,0,0,0,0,0,0,0,0,0,1,0,0
Miscellaneous Crimes Against Society,Possession of False Documents,Richmond upon Thames,0,0,0,0,0,0,0,0,0,0,0,0,0,0,1,0,0,0,0,0,0,0,0,0
Miscellaneous Crimes Against Society,Profitting From or Concealing Proceeds of Crime,Richmond upon Thames,0,0,0,0,0,0,0,0,0,0,0,1,0,0,0,0,0,0,0,0,0,0,0,0
Miscellaneous Crimes Against Society,Threat or Possession With Intent to Commit Crimina,Richmond upon Thames,0,3,0,3,6,6,2,4,4,3,2,3,2,2,2,6,1,2,4,3,2,4,1,1
Miscellaneous Crimes Against Society,Wildlife Crime,Richmond upon Thames,0,0,0,0,1,0,0,0,0,0,0,0,0,0,0,0,0,0,0,0,0,0,0,0
Possession of Weapons,Other Firearm Offences,Richmond upon Thames,1,1,3,2,2,0,0,0,0,0,0,0,0,2,1,1,0,1,1,1,0,0,1,0
Possession of Weapons,Possession of Article with Blade or Point,Richmond upon Thames,3,1,1,2,1,0,0,3,1,1,0,2,1,1,2,0,2,1,3,1,0,3,0,0
Possession of Weapons,Possession of Firearm with Intent,Richmond upon Thames,0,1,0,1,0,0,0,0,0,0,1,0,0,1,0,0,0,0,0,0,0,0,0,0
Possession of Weapons,Possession of Firearms Offences,Richmond upon Thames,1,1,0,0,0,0,0,0,0,1,0,0,1,0,1,0,1,0,0,0,0,0,0,0
Possession of Weapons,Possession of Other Weapon,Richmond upon Thames,2,1,3,0,2,1,4,3,1,2,1,1,2,1,3,1,2,1,1,1,1,1,3,1
Public Order Offences,"Other Offences Against the State, or Public Order",Richmond upon Thames,10,13,5,9,11,4,7,8,6,5,6,8,7,8,12,12,5,11,7,7,7,9,6,4
Public Order Offences,Public Fear Alarm or Distress,Richmond upon Thames,59,32,31,48,55,60,51,49,47,46,36,34,43,64,54,63,63,55,61,62,57,42,28,36
Public Order Offences,"Racially or Religiously Aggravated Public Fear, Al",Richmond upon Thames,6,11,8,13,9,7,9,9,9,12,5,13,11,16,11,13,13,16,14,11,17,8,4,7
Robbery,Robbery of Business Property,Richmond upon Thames,5,6,3,0,1,0,1,3,5,0,4,5,3,2,1,3,2,5,5,9,3,8,3,3
Robbery,Robbery of Personal Property,Richmond upon Thames,17,7,17,29,12,18,9,15,16,20,13,17,17,27,11,18,26,23,9,33,12,13,20,24
Sexual Offences,Other Sexual Offences,Richmond upon Thames,11,29,27,18,26,9,23,19,18,16,12,9,10,21,13,18,20,18,17,21,27,13,8,16
Sexual Offences,Rape,Richmond upon Thames,9,13,5,6,4,10,5,8,6,6,7,9,9,10,8,2,2,6,7,6,16,11,7,10
Theft,Bicycle Theft,Richmond upon Thames,33,49,58,75,63,51,59,54,58,68,31,43,45,48,45,77,58,70,76,62,52,30,40,17
Theft,Other Theft,Richmond upon Thames,98,108,119,130,96,108,120,100,95,116,134,109,93,103,85,104,117,120,112,102,138,119,96,74
Theft,Shoplifting,Richmond upon Thames,45,41,68,55,43,34,50,44,57,40,37,47,62,87,68,75,72,73,105,93,107,58,58,76
Theft,Theft from Person,Richmond upon Thames,36,30,23,11,28,17,12,10,17,25,15,20,11,22,17,17,11,21,24,11,14,16,16,18
Vehicle Offences,Aggravated Vehicle Taking,Richmond upon Thames,1,1,1,1,0,2,0,1,0,2,0,1,1,3,2,0,0,2,1,1,0,0,0,0
Vehicle Offences,Interfering with a Motor Vehicle,Richmond upon Thames,17,28,26,29,19,16,24,20,22,19,21,24,18,18,33,19,31,13,25,24,20,23,11,20
Vehicle Offences,Theft from a Motor Vehicle,Richmond upon Thames,103,90,110,103,103,122,119,131,153,135,123,116,101,98,85,78,78,93,123,83,109,75,82,112
Vehicle Offences,Theft or Taking of a Motor Vehicle,Richmond upon Thames,34,48,29,33,26,28,26,35,41,41,38,43,54,48,65,60,56,36,47,63,52,46,37,33
Violence Against the Person,Homicide,Richmond upon Thames,0,1,0,0,0,1,1,0,0,1,0,0,0,0,0,0,0,0,0,0,0,0,0,0
Violence Against the Person,Violence with Injury,Richmond upon Thames,53,64,65,96,94,100,72,65,86,77,69,64,67,71,71,87,109,73,68,77,73,78,107,83
Violence Against the Person,Violence without Injury,Richmond upon Thames,147,178,165,201,192,167,178,173,181,151,155,163,157,160,152,168,173,199,162,173,168,174,174,169
Arson and Criminal Damage,Arson,Southwark,2,7,11,6,3,8,6,5,7,2,4,11,5,12,7,8,5,12,12,10,7,3,10,6
Arson and Criminal Damage,Criminal Damage,Southwark,126,146,175,165,183,171,179,139,146,163,192,189,161,176,146,187,192,218,180,156,159,163,205,162
Burglary,Burglary Business and Community,Southwark,49,66,65,65,68,56,81,56,80,68,62,73,69,83,97,106,89,79,88,94,69,62,56,53
Burglary,Domestic Burglary,Southwark,151,150,166,183,120,149,172,156,122,144,169,183,97,110,106,129,138,145,181,152,125,123,155,156
Drug Offences,Drug Trafficking,Southwark,17,34,27,26,10,24,31,31,29,33,38,60,30,39,18,30,44,41,44,37,17,26,32,19
Drug Offences,Possession of Drugs,Southwark,148,141,128,126,144,129,112,122,76,116,89,129,99,115,86,91,75,95,109,71,101,65,61,80
Miscellaneous Crimes Against Society,Bail Offences,Southwark,0,1,0,0,0,0,0,0,0,0,0,0,0,0,0,0,0,0,0,0,0,0,0,0
Miscellaneous Crimes Against Society,Dangerous Driving,Southwark,2,1,1,0,1,1,0,1,0,0,0,1,1,0,2,0,1,1,4,1,0,2,1,1
Miscellaneous Crimes Against Society,"Disclosure, Obstruction, False or Misleading State",Southwark,0,0,0,0,0,0,0,0,0,1,0,0,0,0,0,0,0,0,0,0,0,0,0,0
Miscellaneous Crimes Against Society,Exploitation of Prostitution,Southwark,0,0,0,1,0,0,0,0,0,0,0,0,0,1,0,0,0,0,0,0,0,0,0,0
Miscellaneous Crimes Against Society,Forgery or Use of Drug Prescription,Southwark,0,0,0,0,0,0,0,0,0,0,0,0,0,0,1,0,0,0,0,0,0,0,0,0
Miscellaneous Crimes Against Society,Fraud or Forgery Associated with Driver Records,Southwark,0,0,1,0,0,0,2,0,0,0,0,1,0,0,0,0,0,0,0,0,0,0,0,0
Miscellaneous Crimes Against Society,Going Equipped for Stealing,Southwark,1,4,2,0,2,1,1,1,1,1,1,1,1,3,1,1,3,2,0,0,0,0,0,3
Miscellaneous Crimes Against Society,Handling Stolen Goods,Southwark,8,3,4,5,6,2,4,6,0,1,1,1,2,2,2,1,7,3,4,0,3,2,1,1
Miscellaneous Crimes Against Society,"Making, Supplying or Possessing Articles for use i",Southwark,0,2,6,0,2,3,1,1,0,2,0,0,1,2,3,2,2,3,0,1,0,2,0,2
Miscellaneous Crimes Against Society,Obscene Publications,Southwark,9,6,12,12,9,12,8,5,17,12,8,7,12,14,9,10,11,6,5,10,7,9,6,8
Miscellaneous Crimes Against Society,Other Forgery,Southwark,2,0,1,0,0,2,2,1,0,0,2,0,2,0,1,0,0,0,1,2,0,0,0,2
Miscellaneous Crimes Against Society,Other Notifiable Offences,Southwark,0,0,1,2,0,1,2,2,0,0,0,3,1,2,2,2,1,2,2,1,0,3,3,1
Miscellaneous Crimes Against Society,Perjury,Southwark,0,0,0,0,0,0,0,0,0,0,0,0,0,0,1,0,0,0,0,0,0,0,0,0
Miscellaneous Crimes Against Society,Perverting Course of Justice,Southwark,2,2,1,2,1,0,2,2,1,1,0,0,2,3,4,0,1,4,2,1,3,1,0,2
Miscellaneous Crimes Against Society,Possession of False Documents,Southwark,0,0,0,1,1,0,0,0,0,0,0,0,0,1,0,1,0,2,2,0,0,0,0,0
Miscellaneous Crimes Against Society,Profitting From or Concealing Proceeds of Crime,Southwark,1,0,3,2,0,0,5,1,1,1,1,1,0,2,0,0,0,1,1,1,0,1,2,0
Miscellaneous Crimes Against Society,Threat or Possession With Intent to Commit Crimina,Southwark,7,9,9,6,6,8,3,5,5,8,0,6,2,3,2,5,3,4,7,9,9,3,0,4
Possession of Weapons,Other Firearm Offences,Southwark,0,1,0,2,0,0,0,0,0,2,0,0,0,1,3,1,0,7,0,0,1,0,1,2
Possession of Weapons,Possession of Article with Blade or Point,Southwark,9,10,5,15,10,12,13,15,5,8,7,9,8,8,7,11,12,14,9,7,3,5,3,6
Possession of Weapons,Possession of Firearm with Intent,Southwark,1,0,0,1,2,0,2,0,1,1,2,1,0,2,1,1,0,1,0,1,1,1,1,2
Possession of Weapons,Possession of Firearms Offences,Southwark,1,1,1,0,1,0,3,2,1,3,1,1,2,3,1,0,3,1,2,4,4,1,1,1
Possession of Weapons,Possession of Other Weapon,Southwark,13,10,10,19,10,8,15,13,11,12,6,7,10,8,12,9,14,16,20,11,10,8,9,9
Public Order Offences,"Other Offences Against the State, or Public Order",Southwark,12,18,22,29,16,24,14,21,17,21,18,16,10,8,22,22,24,14,15,26,19,18,26,26
Public Order Offences,Public Fear Alarm or Distress,Southwark,95,120,117,149,138,162,118,106,115,122,96,102,126,101,112,129,153,163,126,151,120,113,135,113
Public Order Offences,"Racially or Religiously Aggravated Public Fear, Al",Southwark,22,33,35,27,39,38,48,26,21,24,17,30,28,22,24,49,37,34,28,32,42,35,29,22
Public Order Offences,Violent Disorder,Southwark,0,0,0,0,0,1,1,1,0,0,0,0,0,0,0,1,0,0,0,0,0,0,1,0
Robbery,Robbery of Business Property,Southwark,8,11,15,13,4,18,13,9,30,6,9,12,16,13,20,18,29,19,13,23,11,10,19,10
Robbery,Robbery of Personal Property,Southwark,103,93,141,150,187,175,144,116,165,153,119,148,165,174,167,146,151,150,124,136,128,175,195,191
Sexual Offences,Other Sexual Offences,Southwark,46,62,56,65,51,80,49,50,43,54,30,42,42,51,43,52,61,56,49,53,50,58,53,55
Sexual Offences,Rape,Southwark,37,32,29,37,37,22,21,23,35,42,26,42,21,37,33,37,33,25,24,30,18,40,28,36
Theft,Bicycle Theft,Southwark,108,122,153,133,145,146,118,132,135,126,63,67,58,60,81,98,116,82,99,105,80,64,66,83
Theft,Other Theft,Southwark,395,490,439,490,468,562,520,481,594,556,514,486,499,557,462,573,668,548,506,566,619,558,506,475
Theft,Shoplifting,Southwark,56,84,100,91,103,118,102,98,115,86,62,89,95,112,129,154,127,154,191,180,140,139,119,134
Theft,Theft from Person,Southwark,183,311,361,362,348,396,271,209,373,382,423,319,422,420,418,439,531,486,374,454,528,506,465,480
Vehicle Offences,Aggravated Vehicle Taking,Southwark,2,2,1,2,3,1,1,2,0,1,2,1,1,2,1,3,1,3,1,1,3,1,1,2
Vehicle Offences,Interfering with a Motor Vehicle,Southwark,22,14,20,27,19,23,25,11,20,15,21,20,9,21,12,18,19,22,21,24,26,39,35,35
Vehicle Offences,Theft from a Motor Vehicle,Southwark,147,154,119,133,137,136,159,152,115,118,99,138,90,117,91,146,95,125,117,93,147,130,138,156
Vehicle Offences,Theft or Taking of a Motor Vehicle,Southwark,76,79,69,76,71,81,86,79,67,76,57,68,71,63,66,99,98,67,76,98,99,110,94,78
Violence Against the Person,Homicide,Southwark,0,0,4,0,0,0,0,0,0,0,1,0,0,1,1,0,2,0,0,0,0,0,1,1
Violence Against the Person,Violence with Injury,Southwark,222,257,221,273,262,287,281,228,252,247,215,219,241,242,254,307,330,260,277,284,294,247,271,229
Violence Against the Person,Violence without Injury,Southwark,428,435,416,547,511,466,474,425,398,444,385,465,439,509,458,497,528,520,477,534,534,517,446,493
Arson and Criminal Damage,Arson,Sutton,4,2,5,6,2,3,5,2,8,1,2,3,3,2,3,2,4,7,3,8,5,5,5,6
Arson and Criminal Damage,Criminal Damage,Sutton,76,89,83,93,85,78,110,99,89,91,88,83,88,66,76,86,90,106,103,91,105,83,103,131
Burglary,Burglary Business and Community,Sutton,7,16,6,19,13,8,13,20,17,28,24,21,21,17,16,14,30,15,14,21,34,16,18,22
Burglary,Domestic Burglary,Sutton,71,61,71,78,58,61,72,84,79,61,48,59,51,45,64,54,46,52,54,44,40,52,59,42
Drug Offences,Drug Trafficking,Sutton,6,12,7,2,4,9,6,9,10,26,4,18,5,7,6,8,15,5,8,6,4,7,5,7
Drug Offences,Possession of Drugs,Sutton,34,51,35,42,46,44,46,15,25,35,12,29,31,31,47,35,44,27,19,23,25,19,19,24
Miscellaneous Crimes Against Society,Bail Offences,Sutton,0,0,0,0,0,0,0,0,0,0,0,0,0,0,0,1,0,0,0,0,0,0,0,0
Miscellaneous Crimes Against Society,Dangerous Driving,Sutton,1,0,0,0,0,0,0,1,0,0,1,1,1,0,2,0,1,1,0,0,0,1,0,0
Miscellaneous Crimes Against Society,"Disclosure, Obstruction, False or Misleading State",Sutton,0,0,0,0,0,0,0,0,0,0,0,0,1,0,0,0,0,0,0,0,0,1,0,0
Miscellaneous Crimes Against Society,Forgery or Use of Drug Prescription,Sutton,0,0,0,0,1,0,0,0,0,0,0,0,0,0,0,0,0,0,0,0,0,0,0,0
Miscellaneous Crimes Against Society,Fraud or Forgery Associated with Driver Records,Sutton,0,0,0,0,0,0,0,1,0,0,0,0,0,0,0,0,0,0,0,0,0,0,0,0
Miscellaneous Crimes Against Society,Going Equipped for Stealing,Sutton,0,1,1,1,1,1,0,0,0,1,0,1,0,1,1,0,0,1,0,1,1,0,0,0
Miscellaneous Crimes Against Society,Handling Stolen Goods,Sutton,0,0,0,1,0,0,0,1,0,0,0,0,0,1,0,0,0,1,1,1,0,0,1,0
Miscellaneous Crimes Against Society,"Making, Supplying or Possessing Articles for use i",Sutton,0,0,1,0,1,0,1,0,0,0,0,1,0,0,0,1,0,0,0,2,0,3,0,0
Miscellaneous Crimes Against Society,Obscene Publications,Sutton,5,7,7,5,12,9,7,4,7,4,9,9,5,7,9,5,7,8,7,4,8,9,4,7
Miscellaneous Crimes Against Society,Offender Management Act,Sutton,0,0,0,0,0,0,0,0,0,0,0,1,0,0,0,0,0,0,0,0,0,0,0,0
Miscellaneous Crimes Against Society,Other Forgery,Sutton,1,1,4,0,0,0,1,3,0,0,1,2,0,2,2,0,2,1,1,0,0,0,0,0
Miscellaneous Crimes Against Society,Other Notifiable Offences,Sutton,0,2,1,0,3,2,4,0,1,1,2,2,2,2,2,0,1,1,1,0,0,2,1,0
Miscellaneous Crimes Against Society,Perjury,Sutton,0,1,0,0,0,0,0,0,0,0,0,0,0,0,0,0,0,0,1,0,0,0,0,0
Miscellaneous Crimes Against Society,Perverting Course of Justice,Sutton,0,1,0,1,0,0,0,0,0,0,0,1,3,1,2,0,0,0,1,0,1,1,1,0
Miscellaneous Crimes Against Society,Profitting From or Concealing Proceeds of Crime,Sutton,0,2,0,0,0,0,2,0,1,0,0,0,0,1,1,1,0,0,0,0,0,0,0,0
Miscellaneous Crimes Against Society,Threat or Possession With Intent to Commit Crimina,Sutton,0,7,3,0,5,6,6,2,6,0,1,3,6,2,1,1,2,5,3,2,6,4,3,6
Possession of Weapons,Other Firearm Offences,Sutton,1,0,2,0,1,2,5,0,1,0,0,1,1,2,2,1,2,1,0,0,2,0,0,4
Possession of Weapons,Possession of Article with Blade or Point,Sutton,4,3,4,6,1,2,1,2,4,7,5,4,3,5,4,2,1,4,3,3,4,0,0,1
Possession of Weapons,Possession of Firearm with Intent,Sutton,1,0,0,0,1,1,0,1,0,0,0,1,1,0,1,0,0,0,0,0,0,1,0,0
Possession of Weapons,Possession of Firearms Offences,Sutton,0,1,0,0,0,2,1,0,0,2,0,0,0,0,0,0,0,0,0,0,1,0,0,0
Possession of Weapons,Possession of Other Weapon,Sutton,2,3,3,2,2,5,2,5,1,8,1,3,6,5,5,2,4,1,1,4,3,4,1,2
Public Order Offences,"Other Offences Against the State, or Public Order",Sutton,20,16,16,12,17,12,9,24,17,10,10,9,15,19,9,8,16,7,8,11,19,11,8,9
Public Order Offences,Public Fear Alarm or Distress,Sutton,59,55,46,61,63,65,64,42,47,54,51,48,57,68,50,54,86,63,52,82,67,56,54,57
Public Order Offences,"Racially or Religiously Aggravated Public Fear, Al",Sutton,9,13,7,15,10,18,11,14,13,19,9,7,9,7,10,22,12,16,11,15,13,9,12,10
Public Order Offences,Violent Disorder,Sutton,0,0,0,0,0,0,1,0,0,0,0,0,1,0,0,0,0,0,0,0,0,0,0,1
Robbery,Robbery of Business Property,Sutton,0,3,7,2,5,0,4,5,6,8,2,6,2,5,3,2,9,5,5,5,4,4,11,10
Robbery,Robbery of Personal Property,Sutton,23,18,15,22,20,23,33,26,18,18,22,30,47,17,9,24,21,24,19,34,43,35,14,14
Sexual Offences,Other Sexual Offences,Sutton,23,20,27,11,31,27,24,25,18,26,22,19,27,28,26,19,41,21,30,21,31,20,30,19
Sexual Offences,Rape,Sutton,13,10,6,12,15,6,12,9,4,8,15,9,20,9,9,11,14,12,14,14,9,15,11,12
Theft,Bicycle Theft,Sutton,6,14,15,19,17,29,28,26,21,11,11,10,5,12,13,11,9,13,14,21,24,18,8,6
Theft,Other Theft,Sutton,99,105,89,133,121,108,118,110,114,111,123,109,104,114,104,99,110,112,85,80,114,102,93,104
Theft,Shoplifting,Sutton,61,71,57,86,71,53,69,75,67,62,64,77,75,79,56,70,111,126,108,79,67,61,94,94
Theft,Theft from Person,Sutton,27,36,28,27,31,21,15,21,32,16,28,25,15,24,20,21,16,15,19,18,26,29,26,27
Vehicle Offences,Aggravated Vehicle Taking,Sutton,1,0,1,1,1,1,1,1,1,0,0,4,2,1,3,4,3,1,0,0,2,3,2,1
Vehicle Offences,Interfering with a Motor Vehicle,Sutton,17,34,24,26,18,19,20,28,24,17,27,35,33,14,16,31,28,22,17,19,9,18,19,27
Vehicle Offences,Theft from a Motor Vehicle,Sutton,88,85,99,82,88,96,98,101,88,120,78,97,59,60,54,63,66,69,47,55,60,38,53,61
Vehicle Offences,Theft or Taking of a Motor Vehicle,Sutton,45,46,40,38,49,60,61,67,49,53,39,57,52,53,39,67,34,49,30,62,41,59,39,66
Violence Against the Person,Homicide,Sutton,0,0,0,0,0,0,0,0,0,0,0,0,0,0,0,0,0,0,0,0,1,3,1,0
Violence Against the Person,Violence with Injury,Sutton,97,118,108,144,137,113,138,108,99,108,117,117,107,107,113,118,146,146,110,114,128,103,129,135
Violence Against the Person,Violence without Injury,Sutton,248,270,208,266,221,276,272,212,240,216,208,265,232,263,246,245,244,262,233,258,273,273,272,294
Arson and Criminal Damage,Arson,Tower Hamlets,7,5,6,2,9,5,12,6,7,18,4,8,10,8,9,6,4,7,0,9,10,7,5,3
Arson and Criminal Damage,Criminal Damage,Tower Hamlets,162,147,161,177,171,176,163,157,187,189,144,178,157,160,194,189,179,180,158,179,161,155,179,165
Burglary,Burglary Business and Community,Tower Hamlets,50,46,44,71,53,54,74,59,67,75,58,143,85,127,120,78,62,62,67,68,59,68,79,99
Burglary,Domestic Burglary,Tower Hamlets,136,150,137,191,105,96,129,149,113,131,125,142,104,154,115,126,136,145,148,117,144,128,105,157
Drug Offences,Drug Trafficking,Tower Hamlets,35,30,40,36,42,49,48,45,40,42,22,35,35,51,52,47,63,50,36,39,43,77,30,23
Drug Offences,Possession of Drugs,Tower Hamlets,177,149,132,195,149,178,144,141,129,133,98,143,117,141,119,125,120,163,179,112,98,102,85,99
Miscellaneous Crimes Against Society,Absconding from Lawful Custody,Tower Hamlets,1,0,1,0,0,0,0,0,0,2,0,0,0,0,1,0,0,0,0,0,0,0,0,0
Miscellaneous Crimes Against Society,Bail Offences,Tower Hamlets,0,0,0,1,0,0,0,0,0,0,0,0,1,0,0,0,0,0,0,0,0,0,2,0
Miscellaneous Crimes Against Society,Dangerous Driving,Tower Hamlets,1,2,5,4,0,1,1,0,1,0,3,2,4,2,2,1,1,5,3,1,0,0,1,1
Miscellaneous Crimes Against Society,"Disclosure, Obstruction, False or Misleading State",Tower Hamlets,0,0,0,0,0,0,0,0,0,0,1,0,0,0,1,0,1,0,0,0,0,0,0,0
Miscellaneous Crimes Against Society,Exploitation of Prostitution,Tower Hamlets,0,0,0,0,1,0,0,0,0,0,0,0,0,0,0,0,0,0,1,0,1,0,2,0
Miscellaneous Crimes Against Society,Forgery or Use of Drug Prescription,Tower Hamlets,0,0,1,0,0,0,1,0,0,0,0,0,0,0,0,0,1,1,0,0,0,0,0,0
Miscellaneous Crimes Against Society,Fraud or Forgery Associated with Driver Records,Tower Hamlets,0,2,0,1,0,0,1,0,0,0,1,2,0,0,0,0,0,0,0,0,0,0,0,0
Miscellaneous Crimes Against Society,Going Equipped for Stealing,Tower Hamlets,4,3,1,0,1,2,1,1,2,4,3,2,1,5,6,2,1,2,1,0,1,1,1,0
Miscellaneous Crimes Against Society,Handling Stolen Goods,Tower Hamlets,2,4,0,2,1,7,2,2,2,2,4,1,2,2,0,1,3,4,1,2,2,1,0,0
Miscellaneous Crimes Against Society,"Making, Supplying or Possessing Articles for use i",Tower Hamlets,2,0,0,0,1,1,4,2,0,1,0,0,0,0,0,1,0,2,3,3,0,3,1,0
Miscellaneous Crimes Against Society,Obscene Publications,Tower Hamlets,15,7,10,9,10,9,8,11,21,3,9,11,15,10,8,9,15,12,4,6,12,12,1,10
Miscellaneous Crimes Against Society,Offender Management Act,Tower Hamlets,0,0,0,0,0,1,0,0,0,0,0,0,0,0,0,1,0,0,0,0,0,0,0,0
Miscellaneous Crimes Against Society,Other Forgery,Tower Hamlets,2,2,2,1,1,4,1,4,1,1,0,2,1,2,1,2,1,0,1,1,0,0,1,0
Miscellaneous Crimes Against Society,Other Notifiable Offences,Tower Hamlets,1,2,1,0,2,5,0,3,2,1,0,2,4,4,0,2,2,0,2,1,2,3,1,3
Miscellaneous Crimes Against Society,Perjury,Tower Hamlets,0,0,0,0,0,0,0,0,0,0,1,0,0,0,0,0,0,0,0,0,0,0,0,0
Miscellaneous Crimes Against Society,Perverting Course of Justice,Tower Hamlets,4,4,3,0,1,6,5,5,2,3,3,1,6,5,6,3,2,3,4,5,2,4,2,3
Miscellaneous Crimes Against Society,Possession of False Documents,Tower Hamlets,0,2,0,1,1,0,0,1,0,1,0,0,2,2,1,1,0,0,0,2,0,0,0,1
Miscellaneous Crimes Against Society,Profitting From or Concealing Proceeds of Crime,Tower Hamlets,9,5,4,3,8,3,3,2,2,4,3,4,3,2,2,3,2,5,2,2,1,1,1,0
Miscellaneous Crimes Against Society,Soliciting for Prostitution,Tower Hamlets,0,0,0,0,0,0,2,0,0,0,0,0,0,0,0,0,0,0,0,0,0,0,0,0
Miscellaneous Crimes Against Society,Threat or Possession With Intent to Commit Crimina,Tower Hamlets,4,6,6,5,5,10,10,11,8,13,5,4,7,8,6,7,9,3,1,9,7,9,11,4
Miscellaneous Crimes Against Society,Wildlife Crime,Tower Hamlets,0,0,0,0,0,0,0,0,0,0,0,0,0,0,1,0,0,0,0,0,0,0,0,0
Possession of Weapons,Other Firearm Offences,Tower Hamlets,5,1,2,1,0,1,3,0,1,0,0,3,1,2,1,2,1,3,4,0,2,2,0,1
Possession of Weapons,Possession of Article with Blade or Point,Tower Hamlets,8,21,14,14,11,18,10,16,9,10,0,4,7,14,12,7,11,6,6,5,11,8,8,7
Possession of Weapons,Possession of Firearm with Intent,Tower Hamlets,0,2,1,1,1,0,1,1,2,1,2,0,1,5,2,3,0,0,3,1,1,2,1,0
Possession of Weapons,Possession of Firearms Offences,Tower Hamlets,2,3,1,1,0,1,0,1,1,0,2,4,0,1,0,1,2,2,1,3,0,3,1,1
Possession of Weapons,Possession of Other Weapon,Tower Hamlets,12,10,14,10,6,9,8,15,4,14,3,15,8,9,8,9,6,2,10,7,3,4,10,5
Public Order Offences,"Other Offences Against the State, or Public Order",Tower Hamlets,22,25,36,32,36,40,23,25,35,39,15,29,28,45,23,32,34,31,31,35,39,27,31,25
Public Order Offences,Public Fear Alarm or Distress,Tower Hamlets,104,141,122,151,139,166,139,145,139,126,136,115,120,156,153,170,173,186,131,181,176,146,167,136
Public Order Offences,"Racially or Religiously Aggravated Public Fear, Al",Tower Hamlets,38,32,38,31,39,63,48,34,49,45,34,23,22,32,36,46,50,47,39,50,55,56,38,27
Public Order Offences,Violent Disorder,Tower Hamlets,0,0,0,0,0,0,0,0,0,0,1,0,0,1,0,1,1,0,0,0,0,0,0,0
Robbery,Robbery of Business Property,Tower Hamlets,6,1,6,7,6,11,6,14,14,16,15,5,14,10,5,20,10,17,11,13,20,19,28,13
Robbery,Robbery of Personal Property,Tower Hamlets,63,83,69,96,79,75,63,70,85,89,71,93,120,104,73,112,87,108,90,110,125,109,160,97
Sexual Offences,Other Sexual Offences,Tower Hamlets,63,54,40,52,57,55,50,53,58,63,54,51,35,44,56,81,67,55,50,66,73,46,53,48
Sexual Offences,Rape,Tower Hamlets,39,47,34,41,45,29,36,34,41,38,44,31,26,32,30,37,30,22,22,41,45,26,29,23
Theft,Bicycle Theft,Tower Hamlets,98,117,107,148,95,84,139,119,124,156,85,76,87,99,98,131,113,146,111,100,141,90,90,72
Theft,Other Theft,Tower Hamlets,317,327,360,353,329,349,408,366,386,390,413,422,411,452,421,351,402,427,438,434,506,475,418,366
Theft,Shoplifting,Tower Hamlets,51,82,105,109,98,67,76,103,99,105,90,97,100,124,131,123,143,174,166,173,155,124,156,179
Theft,Theft from Person,Tower Hamlets,112,234,237,207,149,115,122,119,140,177,152,233,239,227,197,186,188,180,196,222,271,377,344,235
Vehicle Offences,Aggravated Vehicle Taking,Tower Hamlets,3,1,1,3,4,2,1,1,2,1,2,4,0,1,0,3,2,3,3,4,3,1,4,0
Vehicle Offences,Interfering with a Motor Vehicle,Tower Hamlets,40,41,51,14,21,17,21,22,32,31,21,27,16,33,20,21,15,16,16,29,36,30,29,23
Vehicle Offences,Theft from a Motor Vehicle,Tower Hamlets,212,267,261,165,154,149,141,168,245,267,184,175,128,140,142,127,152,159,143,177,188,138,161,163
Vehicle Offences,Theft or Taking of a Motor Vehicle,Tower Hamlets,90,107,115,108,92,96,89,127,81,95,115,140,108,86,75,66,78,86,85,88,96,96,115,92
Violence Against the Person,Homicide,Tower Hamlets,0,1,0,0,0,0,0,1,1,0,0,0,2,0,0,1,0,0,0,0,0,0,0,0
Violence Against the Person,Violence with Injury,Tower Hamlets,211,250,259,292,261,313,277,267,263,261,197,206,236,244,283,261,272,272,259,279,260,258,292,231
Violence Against the Person,Violence without Injury,Tower Hamlets,523,586,589,625,568,597,602,525,621,549,507,579,543,655,590,631,681,674,652,567,704,675,614,580
Arson and Criminal Damage,Arson,Waltham Forest,2,2,2,2,1,10,3,5,4,4,0,2,7,1,1,2,2,6,4,4,5,4,7,4
Arson and Criminal Damage,Criminal Damage,Waltham Forest,110,123,149,137,120,151,107,123,127,109,161,123,116,153,126,161,135,155,127,127,138,127,132,105
Burglary,Burglary Business and Community,Waltham Forest,16,28,35,25,23,18,34,29,41,27,29,46,44,38,23,31,20,30,33,41,42,54,52,36
Burglary,Domestic Burglary,Waltham Forest,73,69,72,91,55,63,67,68,93,96,67,98,50,81,73,75,54,74,88,79,108,94,75,89
Drug Offences,Drug Trafficking,Waltham Forest,20,15,14,21,20,22,20,22,23,14,27,22,18,36,27,23,51,23,33,30,34,38,25,41
Drug Offences,Possession of Drugs,Waltham Forest,125,142,70,104,122,114,141,122,94,84,55,104,89,88,66,66,94,74,92,81,83,57,49,63
Miscellaneous Crimes Against Society,Absconding from Lawful Custody,Waltham Forest,0,0,0,0,0,0,0,0,0,0,0,0,0,0,0,0,1,0,0,0,0,0,0,0
Miscellaneous Crimes Against Society,Aiding Suicide,Waltham Forest,0,1,0,0,0,0,0,0,0,0,0,0,0,0,0,0,0,0,0,0,0,0,0,0
Miscellaneous Crimes Against Society,Bail Offences,Waltham Forest,0,0,0,0,0,1,0,0,0,0,0,0,0,0,0,0,0,0,0,0,0,0,0,0
Miscellaneous Crimes Against Society,Bigamy,Waltham Forest,0,0,0,0,0,1,0,0,0,0,0,0,0,0,0,0,0,0,0,0,0,0,0,0
Miscellaneous Crimes Against Society,Dangerous Driving,Waltham Forest,0,1,2,0,1,0,0,2,0,1,1,1,2,0,0,1,1,1,0,1,0,0,1,1
Miscellaneous Crimes Against Society,"Disclosure, Obstruction, False or Misleading State",Waltham Forest,0,0,0,0,0,1,0,0,0,0,0,0,0,0,0,0,0,0,0,0,0,0,0,0
Miscellaneous Crimes Against Society,Forgery or Use of Drug Prescription,Waltham Forest,0,0,0,0,1,0,0,0,0,0,0,0,0,0,0,0,0,0,0,0,0,0,0,0
Miscellaneous Crimes Against Society,Fraud or Forgery Associated with Driver Records,Waltham Forest,0,0,0,0,0,2,0,0,0,1,1,1,1,0,0,0,2,0,0,0,0,0,0,0
Miscellaneous Crimes Against Society,Going Equipped for Stealing,Waltham Forest,1,1,3,0,0,1,2,1,1,0,0,2,1,2,0,0,4,0,0,0,0,1,1,0
Miscellaneous Crimes Against Society,Handling Stolen Goods,Waltham Forest,0,6,2,2,0,0,4,0,2,0,1,0,0,0,2,1,2,1,1,2,2,1,1,0
Miscellaneous Crimes Against Society,"Making, Supplying or Possessing Articles for use i",Waltham Forest,1,0,2,1,0,0,1,0,0,0,0,0,0,1,3,1,1,0,0,1,2,1,1,0
Miscellaneous Crimes Against Society,Obscene Publications,Waltham Forest,9,11,8,14,6,7,5,17,18,17,11,12,10,15,11,13,12,15,10,7,6,10,2,5
Miscellaneous Crimes Against Society,Other Forgery,Waltham Forest,0,3,2,1,0,0,1,1,0,0,1,0,1,0,0,0,0,1,0,0,1,0,1,3
Miscellaneous Crimes Against Society,Other Notifiable Offences,Waltham Forest,2,6,1,0,2,0,2,2,0,1,0,0,1,1,0,1,1,1,1,1,1,0,0,1
Miscellaneous Crimes Against Society,Perverting Course of Justice,Waltham Forest,3,1,0,0,0,2,1,0,0,2,0,1,1,1,1,0,0,0,0,4,1,0,0,0
Miscellaneous Crimes Against Society,Possession of False Documents,Waltham Forest,1,0,0,3,1,1,0,0,0,0,0,0,1,1,0,0,0,0,0,0,0,1,0,0
Miscellaneous Crimes Against Society,Profitting From or Concealing Proceeds of Crime,Waltham Forest,1,1,0,1,0,2,1,1,2,0,0,0,1,0,0,1,0,0,0,0,0,1,1,0
Miscellaneous Crimes Against Society,Threat or Possession With Intent to Commit Crimina,Waltham Forest,4,7,4,5,3,6,4,8,4,11,8,7,5,6,4,8,6,8,6,4,5,7,12,5
Possession of Weapons,Other Firearm Offences,Waltham Forest,4,2,7,2,1,0,2,0,1,1,2,2,1,3,7,0,0,3,3,0,0,0,1,3
Possession of Weapons,Possession of Article with Blade or Point,Waltham Forest,10,4,7,9,3,10,5,4,9,6,5,4,4,12,5,5,4,6,4,7,4,4,0,7
Possession of Weapons,Possession of Firearm with Intent,Waltham Forest,1,0,2,0,1,0,1,0,1,1,0,0,1,1,2,2,0,0,2,1,2,0,0,0
Possession of Weapons,Possession of Firearms Offences,Waltham Forest,1,3,0,2,0,1,0,3,2,0,0,1,0,1,0,2,0,0,1,0,1,1,0,0
Possession of Weapons,Possession of Other Weapon,Waltham Forest,7,6,6,4,4,9,17,10,7,6,8,5,8,5,8,7,12,8,9,2,6,8,6,8
Public Order Offences,"Other Offences Against the State, or Public Order",Waltham Forest,13,14,6,7,19,16,12,14,7,16,9,7,5,19,5,15,14,13,9,15,10,10,12,11
Public Order Offences,Public Fear Alarm or Distress,Waltham Forest,64,84,79,77,95,89,86,86,91,69,90,70,72,91,91,93,99,92,81,100,91,93,88,73
Public Order Offences,"Racially or Religiously Aggravated Public Fear, Al",Waltham Forest,17,21,24,28,30,36,28,21,22,18,19,24,16,21,19,14,28,28,27,29,23,24,20,12
Public Order Offences,Violent Disorder,Waltham Forest,0,0,0,0,0,1,0,0,0,0,0,0,0,0,0,0,0,0,0,0,0,0,0,0
Robbery,Robbery of Business Property,Waltham Forest,7,5,5,1,4,1,1,5,5,1,3,3,6,5,7,8,3,9,10,15,11,24,13,13
Robbery,Robbery of Personal Property,Waltham Forest,67,43,28,55,69,49,39,50,45,50,32,58,65,48,44,56,53,47,48,45,45,63,75,59
Sexual Offences,Other Sexual Offences,Waltham Forest,29,35,25,41,34,50,29,38,40,42,17,35,31,33,21,27,34,37,46,39,32,28,26,28
Sexual Offences,Rape,Waltham Forest,11,30,20,9,20,11,26,19,18,19,15,24,20,25,16,19,17,16,16,26,20,12,12,16
Theft,Bicycle Theft,Waltham Forest,24,28,25,33,45,41,27,38,45,35,25,16,21,25,32,52,39,40,44,46,38,47,27,28
Theft,Other Theft,Waltham Forest,214,225,257,257,257,282,220,205,234,256,235,250,200,258,228,227,256,257,261,245,296,248,255,256
Theft,Shoplifting,Waltham Forest,77,77,76,85,92,83,65,82,80,81,53,53,85,100,99,117,105,120,108,109,94,120,102,127
Theft,Theft from Person,Waltham Forest,76,76,61,65,65,62,56,56,63,62,52,60,74,66,64,75,55,70,73,71,101,130,117,129
Vehicle Offences,Aggravated Vehicle Taking,Waltham Forest,0,1,3,2,1,2,2,5,2,3,0,3,1,0,1,1,1,2,2,1,3,2,2,0
Vehicle Offences,Interfering with a Motor Vehicle,Waltham Forest,25,25,30,32,32,26,40,34,31,31,26,28,31,40,27,21,35,27,32,35,29,38,27,32
Vehicle Offences,Theft from a Motor Vehicle,Waltham Forest,134,153,135,158,202,144,147,198,179,195,145,160,120,157,128,156,164,175,184,169,178,140,177,116
Vehicle Offences,Theft or Taking of a Motor Vehicle,Waltham Forest,58,90,96,100,118,99,127,96,118,129,127,99,90,106,79,69,106,96,94,127,99,110,102,95
Violence Against the Person,Homicide,Waltham Forest,0,0,0,0,0,1,2,0,1,0,0,0,2,0,1,1,0,0,0,0,1,0,0,0
Violence Against the Person,Violence with Injury,Waltham Forest,159,167,141,216,197,206,162,175,212,167,149,143,157,151,149,181,227,209,170,168,165,175,165,145
Violence Against the Person,Violence without Injury,Waltham Forest,402,427,356,395,375,393,362,375,368,442,344,363,350,438,378,367,453,411,368,365,368,378,362,338
Arson and Criminal Damage,Arson,Wandsworth,1,3,4,5,6,9,4,6,7,5,3,3,5,4,1,8,7,2,14,4,3,9,6,9
Arson and Criminal Damage,Criminal Damage,Wandsworth,117,120,100,119,136,122,138,129,152,117,117,122,122,139,122,144,148,140,170,147,161,129,144,158
Burglary,Burglary Business and Community,Wandsworth,34,48,42,45,48,37,53,40,49,45,60,54,70,54,54,71,79,61,48,52,53,49,36,46
Burglary,Domestic Burglary,Wandsworth,119,113,103,111,115,89,98,120,115,122,141,136,125,145,117,110,129,144,149,134,131,163,143,144
Drug Offences,Drug Trafficking,Wandsworth,20,14,10,12,16,13,27,15,14,30,15,21,20,19,18,22,35,24,14,23,18,19,17,17
Drug Offences,Possession of Drugs,Wandsworth,97,84,55,75,64,72,80,48,42,70,48,53,49,53,64,43,41,45,50,65,73,42,54,65
Miscellaneous Crimes Against Society,Absconding from Lawful Custody,Wandsworth,0,0,0,0,0,0,0,0,0,0,1,0,0,0,0,0,3,0,0,2,0,0,0,0
Miscellaneous Crimes Against Society,Bigamy,Wandsworth,0,0,0,0,0,0,0,0,0,0,0,0,0,0,0,0,0,0,1,0,0,0,0,0
Miscellaneous Crimes Against Society,Dangerous Driving,Wandsworth,1,0,3,0,0,0,0,0,0,0,0,1,0,3,0,0,1,0,0,3,2,0,1,1
Miscellaneous Crimes Against Society,"Disclosure, Obstruction, False or Misleading State",Wandsworth,0,1,0,0,0,0,0,0,0,0,0,0,0,0,0,0,0,0,0,0,0,0,0,0
Miscellaneous Crimes Against Society,Exploitation of Prostitution,Wandsworth,0,0,0,1,0,0,0,0,0,0,0,0,0,0,0,0,0,0,0,0,0,0,0,0
Miscellaneous Crimes Against Society,Forgery or Use of Drug Prescription,Wandsworth,0,0,0,0,0,0,0,0,0,0,0,0,1,0,0,1,0,0,0,0,0,0,0,0
Miscellaneous Crimes Against Society,Fraud or Forgery Associated with Driver Records,Wandsworth,0,0,1,0,0,0,0,0,0,1,0,0,0,0,1,1,0,0,1,0,0,0,0,2
Miscellaneous Crimes Against Society,Going Equipped for Stealing,Wandsworth,1,1,2,1,3,0,3,0,1,2,0,2,1,2,1,1,0,3,4,1,2,1,1,1
Miscellaneous Crimes Against Society,Handling Stolen Goods,Wandsworth,1,0,0,2,1,2,0,0,2,2,1,0,3,1,0,1,1,0,0,1,3,1,2,1
Miscellaneous Crimes Against Society,"Making, Supplying or Possessing Articles for use i",Wandsworth,3,2,0,1,2,1,1,0,0,1,2,0,1,0,0,5,1,1,4,2,1,0,0,0
Miscellaneous Crimes Against Society,Obscene Publications,Wandsworth,13,12,5,10,6,12,9,8,5,9,3,8,11,8,3,7,3,4,6,9,10,8,4,8
Miscellaneous Crimes Against Society,Offender Management Act,Wandsworth,2,1,0,4,7,7,6,4,12,3,1,2,13,3,1,5,4,2,3,1,3,4,3,5
Miscellaneous Crimes Against Society,Other Forgery,Wandsworth,0,1,0,4,0,1,3,2,3,1,1,0,2,2,1,0,1,0,0,0,2,0,0,0
Miscellaneous Crimes Against Society,Other Notifiable Offences,Wandsworth,1,4,4,1,0,1,1,3,1,2,0,1,0,3,1,2,0,2,1,2,0,2,2,1
Miscellaneous Crimes Against Society,Perjury,Wandsworth,0,1,0,0,0,0,0,0,0,0,0,0,0,0,0,0,0,0,0,0,0,0,0,0
Miscellaneous Crimes Against Society,Perverting Course of Justice,Wandsworth,0,2,1,4,0,4,1,0,1,2,1,0,0,1,0,0,0,0,1,1,2,0,1,1
Miscellaneous Crimes Against Society,Possession of False Documents,Wandsworth,0,1,0,1,1,0,0,1,1,1,0,0,2,0,0,0,6,0,0,0,0,1,1,0
Miscellaneous Crimes Against Society,Profitting From or Concealing Proceeds of Crime,Wandsworth,0,2,0,1,0,1,1,2,1,0,0,0,1,2,0,0,0,1,0,0,0,1,0,0
Miscellaneous Crimes Against Society,Soliciting for Prostitution,Wandsworth,0,0,0,0,0,0,0,0,0,0,0,0,0,0,1,0,0,0,0,0,0,0,0,0
Miscellaneous Crimes Against Society,Threat or Possession With Intent to Commit Crimina,Wandsworth,7,16,8,3,2,3,7,5,1,3,8,6,6,5,8,13,6,4,4,4,6,5,6,4
Possession of Weapons,Other Firearm Offences,Wandsworth,3,3,1,1,1,0,1,2,0,0,0,5,3,0,4,1,1,3,3,0,0,1,2,1
Possession of Weapons,Possession of Article with Blade or Point,Wandsworth,6,2,9,6,8,2,7,4,5,5,5,1,5,8,3,2,3,3,4,1,4,5,3,3
Possession of Weapons,Possession of Firearm with Intent,Wandsworth,0,1,0,2,2,0,0,1,1,0,1,1,0,0,0,1,0,0,0,0,1,2,1,0
Possession of Weapons,Possession of Firearms Offences,Wandsworth,3,3,2,1,3,0,0,1,0,2,1,1,0,2,1,2,1,0,1,0,1,0,0,0
Possession of Weapons,Possession of Other Weapon,Wandsworth,7,7,2,7,6,8,13,4,6,1,2,8,9,5,3,3,5,9,6,8,5,2,6,6
Public Order Offences,"Other Offences Against the State, or Public Order",Wandsworth,17,23,11,14,13,19,19,21,14,14,12,14,18,11,19,13,23,12,22,14,14,14,20,9
Public Order Offences,Public Fear Alarm or Distress,Wandsworth,85,119,112,83,129,90,112,98,92,101,69,100,92,121,88,114,110,140,88,97,120,105,88,113
Public Order Offences,"Racially or Religiously Aggravated Public Fear, Al",Wandsworth,34,20,39,55,25,33,25,17,19,34,27,19,23,19,16,41,30,43,30,27,35,22,23,26
Robbery,Robbery of Business Property,Wandsworth,4,9,3,5,7,8,5,6,8,8,9,9,6,8,6,7,11,12,11,7,16,15,8,9
Robbery,Robbery of Personal Property,Wandsworth,52,38,41,59,73,50,51,42,63,60,58,42,63,66,48,77,49,73,51,86,71,72,112,95
Sexual Offences,Other Sexual Offences,Wandsworth,43,42,36,47,51,49,38,35,49,43,28,49,31,44,46,48,52,53,37,34,28,39,37,33
Sexual Offences,Rape,Wandsworth,28,34,25,25,24,24,21,27,27,11,22,32,22,25,30,24,28,25,19,21,19,25,17,28
Theft,Bicycle Theft,Wandsworth,66,75,74,103,81,81,109,72,82,75,41,53,52,70,60,56,68,82,78,72,94,59,56,54
Theft,Other Theft,Wandsworth,240,261,237,272,269,298,324,255,256,287,266,259,233,277,292,346,323,318,279,287,320,309,293,271
Theft,Shoplifting,Wandsworth,81,61,85,83,81,64,73,98,87,86,81,98,105,127,130,161,146,154,168,122,135,126,131,153
Theft,Theft from Person,Wandsworth,69,83,52,51,76,62,51,64,77,73,53,38,62,62,61,80,55,71,78,70,80,74,65,65
Vehicle Offences,Aggravated Vehicle Taking,Wandsworth,0,0,3,4,2,0,4,3,2,3,1,1,2,0,3,2,1,2,1,0,1,1,2,0
Vehicle Offences,Interfering with a Motor Vehicle,Wandsworth,42,30,26,28,33,33,33,25,33,24,21,38,34,41,39,47,50,45,38,30,51,38,42,41
Vehicle Offences,Theft from a Motor Vehicle,Wandsworth,149,127,136,125,135,192,193,148,172,203,154,184,138,180,191,238,207,244,178,186,169,150,157,188
Vehicle Offences,Theft or Taking of a Motor Vehicle,Wandsworth,75,107,92,114,90,99,117,91,94,110,75,84,88,101,75,107,121,103,84,120,98,94,93,79
Violence Against the Person,Homicide,Wandsworth,0,0,0,0,0,1,0,0,0,0,0,0,0,0,0,1,0,0,1,0,1,0,0,0
Violence Against the Person,Violence with Injury,Wandsworth,226,217,165,227,219,245,182,185,194,200,189,167,177,191,196,231,241,224,208,237,224,174,231,193
Violence Against the Person,Violence without Injury,Wandsworth,396,463,417,464,407,413,363,399,390,387,358,368,389,386,387,425,473,463,402,398,440,396,451,401
Arson and Criminal Damage,Arson,Westminster,1,3,4,2,1,5,2,3,3,5,3,1,7,2,4,6,2,4,2,4,15,2,3,7
Arson and Criminal Damage,Criminal Damage,Westminster,128,196,211,187,193,168,202,171,215,197,176,164,174,188,199,201,185,200,188,222,223,205,209,178
Burglary,Burglary Business and Community,Westminster,99,105,112,137,119,98,141,142,149,135,125,150,110,136,138,136,118,137,138,125,158,120,142,133
Burglary,Domestic Burglary,Westminster,122,119,95,112,115,96,131,134,113,115,106,117,107,115,134,143,147,143,168,115,132,129,121,147
Drug Offences,Drug Trafficking,Westminster,19,29,19,23,22,17,25,23,27,58,35,36,25,29,30,24,39,31,31,27,22,21,14,26
Drug Offences,Possession of Drugs,Westminster,233,270,283,301,277,323,335,272,349,243,212,202,191,188,226,176,211,237,246,187,217,158,200,157
Miscellaneous Crimes Against Society,Bail Offences,Westminster,0,0,0,0,1,0,0,0,0,0,0,0,0,0,0,0,0,0,0,0,0,0,0,1
Miscellaneous Crimes Against Society,Bigamy,Westminster,0,0,0,0,0,0,0,0,0,0,0,0,0,0,1,0,0,0,0,0,0,0,0,0
Miscellaneous Crimes Against Society,Dangerous Driving,Westminster,3,2,1,1,0,0,1,2,1,1,2,2,0,2,0,2,1,3,0,0,0,2,2,1
Miscellaneous Crimes Against Society,"Disclosure, Obstruction, False or Misleading State",Westminster,0,0,0,0,0,0,0,0,0,0,0,1,0,0,0,0,1,1,0,1,0,0,0,0
Miscellaneous Crimes Against Society,Exploitation of Prostitution,Westminster,0,0,0,0,1,0,0,1,0,0,0,0,0,0,0,0,0,0,0,0,0,1,0,0
Miscellaneous Crimes Against Society,Forgery or Use of Drug Prescription,Westminster,0,0,2,0,1,1,0,0,0,0,0,0,0,0,0,0,0,0,0,0,1,0,0,0
Miscellaneous Crimes Against Society,Fraud or Forgery Associated with Driver Records,Westminster,0,0,0,0,1,0,0,0,0,1,0,0,0,0,0,0,0,0,0,0,0,0,0,0
Miscellaneous Crimes Against Society,Going Equipped for Stealing,Westminster,2,1,3,0,1,0,4,2,2,3,2,3,4,2,3,6,0,3,3,1,1,0,4,2
Miscellaneous Crimes Against Society,Handling Stolen Goods,Westminster,4,3,4,4,7,7,9,2,5,6,11,10,12,11,14,12,13,10,7,5,11,7,4,3
Miscellaneous Crimes Against Society,"Making, Supplying or Possessing Articles for use i",Westminster,1,3,5,1,2,4,1,3,0,2,3,4,6,3,1,5,1,2,3,5,1,4,2,1
Miscellaneous Crimes Against Society,Obscene Publications,Westminster,12,10,9,13,13,25,10,9,13,13,9,11,8,14,6,2,4,3,5,6,6,4,6,7
Miscellaneous Crimes Against Society,Other Forgery,Westminster,4,2,4,2,3,8,4,7,5,7,3,2,3,6,3,4,1,2,6,2,2,0,1,2
Miscellaneous Crimes Against Society,Other Notifiable Offences,Westminster,2,1,1,0,0,0,0,1,1,0,2,0,1,0,4,4,2,0,1,2,0,3,2,1
Miscellaneous Crimes Against Society,Perjury,Westminster,0,0,0,0,0,0,0,0,0,0,0,0,0,0,0,0,0,0,1,0,0,0,0,1
Miscellaneous Crimes Against Society,Perverting Course of Justice,Westminster,1,2,2,1,3,1,3,1,2,1,3,2,2,2,1,1,1,3,3,3,1,0,0,2
Miscellaneous Crimes Against Society,Possession of False Documents,Westminster,1,0,0,0,0,0,0,3,0,1,0,0,1,0,0,1,0,0,0,4,0,0,0,0
Miscellaneous Crimes Against Society,Profitting From or Concealing Proceeds of Crime,Westminster,0,1,2,4,4,3,4,3,0,5,0,1,3,1,3,1,3,7,3,0,3,0,0,1
Miscellaneous Crimes Against Society,Soliciting for Prostitution,Westminster,0,0,0,0,0,0,0,0,0,0,0,0,0,1,0,0,0,0,0,1,0,0,0,0
Miscellaneous Crimes Against Society,Threat or Possession With Intent to Commit Crimina,Westminster,5,4,7,8,5,7,2,8,7,7,8,4,2,5,4,6,4,5,2,4,5,6,4,2
Possession of Weapons,Other Firearm Offences,Westminster,2,2,0,3,0,0,0,0,0,0,1,3,3,4,1,0,1,4,3,0,0,4,1,3
Possession of Weapons,Possession of Article with Blade or Point,Westminster,15,13,16,13,19,23,24,13,18,14,13,18,20,18,14,15,27,21,19,21,18,7,6,6
Possession of Weapons,Possession of Firearm with Intent,Westminster,1,2,0,1,1,1,0,3,2,0,0,2,3,0,1,0,2,1,0,0,0,1,0,0
Possession of Weapons,Possession of Firearms Offences,Westminster,4,1,3,5,6,7,8,15,6,5,3,4,5,6,5,6,5,7,6,5,5,7,3,5
Possession of Weapons,Possession of Other Weapon,Westminster,13,12,15,13,7,8,18,12,14,10,9,14,16,7,14,15,17,16,27,19,17,19,11,10
Public Order Offences,"Other Offences Against the State, or Public Order",Westminster,26,29,29,37,28,33,40,37,32,24,33,28,29,24,27,33,49,32,40,28,61,70,51,31
Public Order Offences,Public Fear Alarm or Distress,Westminster,180,164,173,223,205,226,235,173,212,180,193,213,157,165,196,194,231,255,185,243,286,242,207,171
Public Order Offences,"Racially or Religiously Aggravated Public Fear, Al",Westminster,77,92,66,84,61,78,94,67,63,61,80,56,56,66,72,70,69,89,69,70,99,128,85,78
Public Order Offences,Violent Disorder,Westminster,0,0,1,0,0,1,0,2,1,1,0,0,0,1,1,0,0,0,1,0,3,8,0,0
Robbery,Robbery of Business Property,Westminster,6,10,7,13,13,16,9,11,16,17,19,24,12,22,20,20,21,19,27,21,23,29,25,16
Robbery,Robbery of Personal Property,Westminster,241,221,200,270,254,321,285,183,325,330,371,313,334,283,342,355,376,342,341,326,312,350,393,308
Sexual Offences,Other Sexual Offences,Westminster,108,87,90,105,105,130,94,97,104,86,89,103,79,85,87,94,102,104,106,121,80,72,103,95
Sexual Offences,Rape,Westminster,33,41,28,51,46,48,25,29,28,45,38,37,27,35,28,40,28,37,45,44,53,45,45,43
Theft,Bicycle Theft,Westminster,57,96,109,110,131,167,131,109,103,85,47,66,56,85,79,110,127,140,101,139,117,73,77,73
Theft,Other Theft,Westminster,1250,1497,1396,1434,1635,2094,1700,1577,2281,2604,2656,2149,2093,2220,1702,2091,2304,2280,1910,1819,2334,2606,2502,1862
Theft,Shoplifting,Westminster,276,291,279,338,271,277,344,281,335,301,298,336,322,413,395,403,435,461,466,399,432,432,481,473
Theft,Theft from Person,Westminster,1209,1386,1271,1327,1346,1552,1019,966,1964,2355,2815,2296,2036,1934,1893,1771,1734,1790,1497,1459,2359,3366,3512,2673
Vehicle Offences,Aggravated Vehicle Taking,Westminster,1,1,2,1,1,1,2,0,2,0,0,0,0,2,0,0,1,2,0,0,1,3,0,1
Vehicle Offences,Interfering with a Motor Vehicle,Westminster,22,39,28,27,31,31,29,21,33,25,20,22,25,27,35,30,22,20,25,25,29,20,34,25
Vehicle Offences,Theft from a Motor Vehicle,Westminster,225,287,279,318,261,250,249,216,291,305,249,313,304,338,323,314,292,238,228,257,322,296,324,246
Vehicle Offences,Theft or Taking of a Motor Vehicle,Westminster,44,47,48,52,46,65,58,54,70,68,43,62,76,57,62,62,51,52,61,55,55,39,40,50
Violence Against the Person,Homicide,Westminster,0,0,0,0,2,1,1,0,0,1,0,0,0,1,0,0,1,0,0,0,0,0,0,1
Violence Against the Person,Violence with Injury,Westminster,312,335,320,344,334,407,391,324,365,322,397,327,270,314,307,359,382,384,372,369,378,395,395,307
Violence Against the Person,Violence without Injury,Westminster,559,636,541,653,608,698,631,546,613,651,625,639,604,569,553,617,614,707,639,595,760,711,715,641
